Q2,Q4_1,Q4_2,Q4_3,Q5_1,Q5_2,Q5_3,Q5_4,Q6_1,Q6_2,Q6_3,Q6_4,Q6_5,Q6_6,Q6_7,Q6_7_TEXT,Q7_1,Q7_2,Q7_3,Q7_4,Q8_1,Q8_2,Q8_3,Q8_4,Q8_5,Q8_6,Q9_1,Q9_2,Q9_3,Q9_4,Q9_5,Q9_6,Q10_1,Q10_2,Q10_3,Q10_4,Q10_5,Q10_6,Q11_1,Q11_2,Q11_3,Q11_4,Q11_5,Q11_6,Q12_1,Q12_2,Q12_3,Q12_4,Q12_5,Q12_6,Q12_7,Q13_1,Q13_2,Q13_3,Q14_1,Q14_2,Q14_3,Q14_4,Q14_5,Q14_6,Q14_7,Q15_1,Q15_2,Q15_3,Q15_4,Q15_5,Q15_6,Q15_7,Q15_7_TEXT,Q17_First_Click,Q17_Last_Click,Q17_Page_Submit,Q17_Click_Count,Q19_First_Click,Q19_Last_Click,Q19_Page_Submit,Q19_Click_Count,Q20_1,Q20_2,Q20_3,Q20_4,Q20_5,Q20_6,Q20_7,Q20_8,Q21,Q22,Q23,Q24,Q25,Q26,Q27,Q28,Q29_1,Q29_2,Q29_3,Q29_4,Q29_5,Q29_6,Q29_7,Q29_8,Q29_9,Q30_1,Q30_2,Q30_3,Q30_4,Q30_5,Q30_6,Q30_7,Q30_8,Q30_9,Q31_1,Q31_2,Q31_3,Q31_4,Q31_5,Q31_6,Q31_7,Q31_8,Q32_1,Q32_2,Q32_3,Q32_4,Q33_1,Q33_2,Q33_3,Q33_4,Q33_5,Q33_6,Q33_7,Q33_8,Q33_9,Q33_10,Q34_1,Q34_2,Q34_3,Q34_4,Q34_5,Q34_6,Q34_7,Q36,Q37,Q38_1,Q38_2,Q38_3,Q38_4,Q38_5,Q38_9,Q39,Q40,Q41,Q42,Q43,Q44
1,5,2,5,5,5,3,5,7,7,7,7,1,6,-99,-99,5,5,4,4,2,2,3,6,4,2,5,7,7,7,1,6,7,7,2,7,4,1,4,4,2,1,7,2,1,2,4,3,2,1,1,7,7,5,7,7,3,3,7,3,5,4,1,1,1,1,1,-99,-99,0,0,147.723,0, , , , ,1,1,0,1,0,0,1,0,7,7, ,5, , ,7, ,5,5,5,6,1,4,5,5,6,6,6,6,5,5,5,5,4,4,5,5,3,4,4,3,4,5,3,3,3,5,7,7,7,7,7,7,7,7,1,3,7,4,7,5,7,4,5,1998,2,1,0,0,0,0,0,5,5,3,1,15,2
1,5,3,3,5,3,5,6,3,7,7,7,7,7,-99,-99,4,5,5,5,5,3,4,2,2,2,7,7,7,7,1,7,7,2,7,5,1,2,3,3,1,2,6,1,1,1,4,1,9,9,1,7,5,5,4,4,2,7,6,4,3,3,3,3,2,5,5,-99,-99,0,0,132.852,0, , , , ,1,1,1,1,0,0,0,0,6,6,7,7, , , , ,6,6,5,6,2,6,6,5,4,6,4,6,6,2,5,6,6,5,5,3,5,3,4,5,5,5,3,2,4,6,7,7,7,7,7,7,7,7,2,2,6,6,6,4,6,6,6,1997,1,1,0,0,0,0,0,5,6,6,2,15,3
1,2,3,4,5,3,3,1,2,5,3,3,3,4,-99,-99,5,4,4,4,2,6,3,3,5,5,3,4,2,4,4,5,3,3,6,3,4,4,4,3,7,6,4,5,4,3,3,2,2,4,3,4,5,5,3,2,2,4,5,4,5,4,4,4,4,3,4,1,-99,1.646,38.263,172.658,9, , , , ,0,0,1,0,0,0,0,0, , ,3, , , , , ,2,4,5,4,3,5,3,4,4,4,4,4,4,5,7,2,5,4,6,3,3,6,5,2,3,4,3,6,5,3,6,3,3,3,3,5,4,5,5,3,3,5,3,2,5,3,5,1998,2,1,0,0,0,0,0,3,4,5,2,14,7
1,3,1,3,3,3,3,3,7,1,7,1,1,3,-99,-99,2,5,3,4,1,3,2,3,2,1,7,7,7,7,1,7,6,7,4,7,1,2,3,5,4,4,4,2,2,3,4,2,2,2,3,7,7,3,3,3,1,6,3,3,4,1,1,1,1,2,1,-99,-99, , , , ,0,0,135.469,0,1,0,0,0,0,0,0,0,6, , , , , , , ,3,3,3,1,4,4,4,4,3,2,2,2,2,2,2,2,2,3,2,2,2,2,2,2,2,2,2,2,2,2,4,6,5,6,4,5,4,4,3,5,4,4,4,4,3,4,4,1999,2,1,0,0,0,0,0,7,7,7,2,13,2
1,7,7,7,7,6,4,7,5,7,7,7,2,6,-99,-99,7,7,7,7,3,7,4,7,7,2,7,7,7,7,1,7,7,7,6,7,6,5,5,4,6,1,7,2,1,1,4,9,2,3,3,7,7,7,6,7,1,6,3,6,4,6,7,6,7,4,5,-99,-99,5.322,130.304,131.013,13, , , , ,1,1,1,0,0,0,0,0,7,7,7, , , , , ,7,7,7,7,2,5,7,7,7,7,7,7,4,-99,5,3,6,7,6,7,4,2,5,3,5,7,6,5,5,3,7,7,7,7,7,7,7,7,1,3,7,7,7,7,7,7,7,1999,2,1,0,0,0,0,0,5,5,1,1,14,1
1,7,4,6,7,5,6,4,2,5,6,6,4,5,-99,-99,6,4,5,3,2,3,2,4,4,2,7,7,7,7,2,7,5,5,7,6,4,2,4,5,2,2,5,4,1,2,3,2,3,4,2,6,7,4,6,5,4,3,5,4,3,3,3,3,2,3,4,-99,-99, , , , ,0,0,133.075,0,1,0,0,0,0,0,0,0,7, , , , , , , ,5,4,5,5,2,4,4,5,4,4,3,2,1,1,3,5,4,4,5,5,3,2,2,3,2,3,3,4,3,6,6,5,6,7,5,6,6,7,2,2,6,5,6,6,7,6,7,1998,1,0,0,0,0,0,1,4,7,4,2,13,2
1,3,2,7,3,2,3,4,3,6,6,6,1,7,-99,-99,3,3,3,4,1,3,1,4,1,1,7,7,7,7,1,7,7,6,2,7,1,1,2,1,3,4,4,1,2,2,9,9,9,2,2,7,7,7,5,5,2,4,4,3,2,5,5,2,2,2,3,-99,-99, , , , ,0,0,132.856,0,1,0,1,1,0,0,0,0,7, ,7,1, , , , ,2,2,2,2,6,2,2,4,2,2,2,1,2,2,3,2,2,2,1,1,1,1,1,1,1,1,2,3,2,2,4,3,3,3,3,2,3,3,1,3,4,4,4,4,5,5,4,1999,2,1,0,0,0,0,0,1,5,2,7,15,2
1,5,5,6,5,5,5,4,7,7,7,7,1,3,-99,-99,5,6,5,5,4,4,4,3,2,3,5,5,7,6,2,7,7,7,6,7,6,6,7,7,7,7,7,7,2,2,3,9,9,2,9,4,4,4,6,5,2,2,1,5,4,5,3,2,3,1,2,-99,-99,369.338,369.338,375.906,1, , , , ,1,1,0,0,0,0,0,0,1,7, , , , , , ,6,6,6,5,2,6,6,6,6,5,5,5,4,1,5,5,3,5,3,2,3,4,2,2,2,3,1,3,1,3,5,6,5,5,6,6,6,6,2,1,7,6,6,5,4,6,6,1998,2,1,0,0,0,0,0,6,6,6,2,2,3
1,3,2,6,3,3,3,2,6,2,6,1,1,5,7,Pinterest,1,1,2,1,4,2,1,6,2,1,5,7,7,6,2,7,5,6,5,6,5,5,3,4,3,4,5,3,2,1,3,2,9,1,3,6,6,5,5,3,3,5,4,4,5,4,6,5,2,3,5,-99,-99,3.516,163.05,164.018,3, , , , ,1,1,1,1,0,0,0,0,7,7,7,7, , , , ,5,5,6,5,2,6,5,6,5,2,2,2,1,2,2,4,6,7,2,5,2,3,2,2,2,5,3,3,3,4,7,6,6,6,4,6,6,6,3,2,7,4,7,7,7,7,7,1998,2,1,0,0,0,0,0,7,4,6,7,13,2
1,3,3,4,2,3,4,4,5,1,6,7,1,7,-99,-99,1,1,1,1,4,4,1,5,1,1,7,7,7,7,1,7,5,5,4,6,4,2,5,5,5,2,6,2,1,1,2,2,4,2,2,6,7,6,5,7,2,3,6,3,5,2,1,1,1,1,5,-99,-99, , , , ,0,0,142.383,0,1,0,0,0,0,0,0,0,7, , , , , , , ,3,3,3,3,5,4,5,5,3,1,1,1,1,1,1,1,4,3,1,1,1,1,1,1,1,1,1,1,1,7,4,4,4,4,4,4,4,4,3,4,5,4,5,5,5,5,5,1997,2,0,1,0,0,0,0,5,6,3,7,16,2
1,1,2,4,2,2,2,2,4,4,6,3,1,6,-99,-99,5,2,4,3,1,1,5,5,3,3,5,5,6,6,2,6,6,5,5,6,1,5,4,4,4,4,5,4,1,1,3,2,9,3,2,5,5,2,5,5,4,5,6,4,5,3,3,3,3,3,3,-99,-99, , , , ,130.39,130.39,130.787,1,1,1,1,0,0,0,0,0,3,6,3, , , , , ,2,4,6,3,2,4,5,5,2,1,1,1,1,1,1,1,1,1,1,1,1,1,1,1,1,1,2,3,2,6,5,5,5,4,4,5,5,5,2,2,6,4,5,3,4,5,6,1997,1,1,0,0,0,0,0,7,6,6,2,14,2
1,4,1,1,1,1,1,2,7,7,7,7,1,7,-99,-99,3,2,1,1,1,1,1,5,1,1,7,7,7,7,1,7,7,5,2,5,2,1,3,2,2,6,4,2,1,1,4,1,2,1,2,1,6,3,6,5,2,5,3,4,5,2,2,2,2,2,2,-99,-99, , , , ,0,0,170.139,0,0,1,0,0,0,0,0,0, ,3, , , , , , ,6,4,4,6,4,4,5,6,4,1,2,2,1,1,1,2,1,1,2,2,1,4,1,1,2,4,1,2,1,7,6,6,3,6,5,7,7,6,2,3,7,6,6,7,7,6,7,1999,2,1,0,0,0,0,0,7,6,6,2,14,0
1,7,4,7,7,7,5,1,1,1,7,4,1,7,-99,-99,7,7,1,1,7,4,4,4,1,1,2,6,6,6,4,6,4,6,3,5,7,5,1,7,1,1,7,1,2,2,9,9,9,9,2,3,3,3,7,7,1,1,7,1,4,1,1,1,1,2,1,-99,-99, , , , ,10.394,119.945,129.86,3,1,0,0,0,0,0,0,0,5, , , , , , , ,3,3,3,3,3,4,4,4,3,1,1,2,1,1,1,2,1,1,1,1,1,1,1,1,1,1,2,2,2,3,2,3,2,3,4,4,3,4,4,2,5,2,5,5,4,4,5,1991,1,0,1,0,0,0,0,1,7,1,7,16,8
1,3,4,3,3,4,4,4,5,7,7,7,2,7,-99,-99,3,3,4,4,2,5,3,2,2,2,4,6,6,6,2,5,6,5,2,6,2,6,3,4,2,3,4,3,2,2,9,9,9,9,2,7,7,5,6,6,3,2,6,3,3,2,5,2,2,2,4,-99,-99,0,0,183.239,0, , , , ,1,1,0,0,0,1,0,0,6,-99, , , ,3, , ,5,5,6,4,4,5,5,5,6,5,5,5,5,3,4,4,3,4,3,4,3,4,3,4,3,4,3,3,4,3,5,6,5,5,5,5,6,5,4,3,6,5,5,6,6,6,7,1998,2,1,0,0,0,0,0,1,3,3,9,3,0
1,4,3,3,5,4,5,5,4,4,7,7,1,4,-99,-99,5,5,6,6,1,7,3,6,3,2,5,7,7,6,1,7,7,7,2,7,2,2,6,3,3,6,6,2,1,2,3,2,3,3,2,6,7,5,5,6,3,5,5,3,4,5,4,3,3,3,3,-99,-99, , , , ,0,0,276.097,0,1,0,0,0,0,1,1,1,4, , , , ,4,6,6,4,3,4,4,4,6,4,5,5,5,5,5,4,2,5,6,7,5,5,4,3,3,2,3,2,4,4,5,4,2,6,6,3,3,7,4,7,6,5,2,6,4,5,6,5,4,5,1997,2,1,0,0,0,0,0,6,6,6,2,15,2
1,7,5,4,6,7,4,4,6,5,6,5,1,7,4,-99,4,4,4,4,4,4,5,5,4,4,5,7,7,7,3,7,5,6,4,5,3,3,5,4,4,2,6,4,2,2,3,9,9,1,2,6,5,5,5,5,4,6,5,3,3,3,3,3,3,4,4,4,-99,0,0,147.291,0, , , , ,1,1,1,1,0,0,0,0,6,7,7,7, , , , ,6,6,5,5,2,5,6,5,6,6,5,4,5,5,5,5,4,4,4,3,4,3,4,3,3,3,5,3,5,2,6,6,6,6,5,5,5,5,2,3,5,4,4,4,4,5,4,1998,2,1,0,0,0,0,0,7,7,7,2,16,3
1,6,3,3,4,5,3,3,4,7,7,6,5,6,-99,-99,4,4,3,3,3,3,5,6,5,2,5,7,7,7,2,7,7,6,6,7,1,1,4,7,1,1,7,1,1,2,2,2,9,3,1,7,7,7,7,7,3,5,6,3,4,1,6,2,4,7,6,-99,-99,135.14,135.14,135.68,1, , , , ,1,0,0,0,0,1,1,1,5, , , , ,2,2,5,4,5,4,4,4,5,4,5,5,4,1,1,1,1,1,1,4,5,4,4,4,4,4,4,4,4,4,4,4,4,4,4,4,4,4,4,4,4,4,4,4,4,4,4,4,4,4,1997,1,0,1,0,0,0,0,3,2,1,1,16,2
1,4,3,6,4,5,3,2,3,4,7,6,2,3,-99,-99,2,1,2,1,4,7,2,5,1,1,7,7,7,7,1,7,6,7,3,7,2,3,7,7,1,1,6,7,1,1,3,4,9,1,1,7,7,5,7,7,2,3,6,4,5,1,2,2,5,6,4,-99,-99,0,0,189.628,0, , , , ,1,1,1,1,0,1,0,0,5,6,3,5, ,5, , ,5,7,6,5,2,6,6,7,7,4,6,7,4,2,6,5,6,6,5,6,6,2,5,5,2,6,6,4,3,4,6,7,6,6,6,7,4,7,3,2,6,6,7,7,6,6,6,1999,2,1,0,0,0,0,0,5,4,5,2,16,2
1,5,3,4,2,3,5,4,7,7,7,7,6,7,-99,-99,2,4,6,5,4,5,5,3,4,-99,4,7,5,7,2,5,6,5,3,6,3,2,4,3,2,2,3,3,2,2,2,1,9,9,2,5,5,4,5,5,3,7,5,4,2,2,2,4,4,5,3,-99,-99, , , , ,0,0,0,0,0,1,0,1,1,1,1,0, ,1, ,1,1,1,1, ,4,4,4,4,4,4,4,4,4,2,2,3,2,3,2,3,3,4,3,2,3,2,2,2,2,2,3,4,4,3,5,5,5,5,4,5,4,4,3,4,5,4,5,5,4,4,5,1998,1,1,0,0,0,0,0,4,6,7,2,14,4
1,5,2,4,4,6,3,2,7,2,7,7,4,7,-99,-99,4,5,2,2,2,7,2,7,6,1,7,7,7,7,1,7,7,7,3,7,2,2,2,5,1,1,7,1,2,2,4,2,2,2,4,6,6,6,5,7,5,3,7,2,4,2,2,1,1,4,2,-99,-99,0,0,138.171,0, , , , ,1,1,1,1,0,0,0,0,5,7,7,7, , , , ,7,7,7,5,3,6,7,6,5,3,2,2,1,2,2,4,4,5,3,3,2,3,2,2,2,4,2,1,2,7,7,7,7,7,6,7,6,7,1,1,7,3,7,7,7,3,7,1999,2,1,0,0,0,0,0,2,6,3,2,13,2
1,3,3,3,3,4,4,3,1,1,1,5,1,3,3,-99,4,4,3,3,5,2,2,4,1,2,4,5,5,4,1,5,3,4,4,3,4,2,3,2,3,3,3,2,2,1,3,1,2,1,4,4,4,4,5,4,2,5,3,2,4,3,3,3,3,3,3,3,-99, , , , ,2.447,3.047,138.034,2,1,0,1,0,0,0,0,0,5, ,7, , , , , ,3,1,5,1,3,3,3,3,3,2,2,2,2,2,2,2,3,3,2,2,2,2,2,2,2,2,2,2,2,2,5,5,5,5,4,5,4,5,2,2,5,3,4,5,4,4,5,1996,1,1,0,0,0,0,0,4,6,7,2,15,3
1,2,3,3,1,1,5,1,7,7,7,7,1,7,-99,-99,1,4,6,2,1,5,1,6,5,1,4,5,7,7,1,5,4,2,1,7,1,4,3,4,2,3,1,1,1,1,9,9,9,1,2,7,7,5,7,6,3,2,3,4,4,3,4,5,5,4,3,-99,-99,0,0,141.133,0, , , , ,1,1,0,0,0,0,0,0,7,7, , , , , , ,2,3,5,3,2,4,4,4,3,2,2,2,2,2,2,2,3,3,1,1,1,1,1,1,1,1,1,1,1,7,7,7,5,6,5,6,4,3,-99,2,7,4,6,5,7,4,7,1997,2,0,0,1,0,0,0,1,3,2,1,17,1
1,7,4,7,3,5,1,1,4,6,7,4,2,6,-99,-99,7,7,4,4,1,1,1,1,2,1,6,5,7,6,1,4,6,7,1,7,1,1,6,7,1,1,7,1,1,1,4,1,3,4,4,5,7,4,4,3,1,3,2,1,3,1,4,1,1,1,6,-99,-99, , , , ,6.693,143.651,144.987,2,1,0,1,0,0,0,0,0,6, ,7, , , , , ,3,3,4,4,5,6,6,6,4,3,1,1,2,2,1,3,5,4,1,1,1,1,1,1,1,1,2,2,1,7,7,7,7,7,7,7,7,7,1,3,4,6,4,6,4,3,5,1999,2,1,0,0,0,0,0,1,2,2,1,14,2
1,2,3,3,2,1,4,5,6,1,7,6,1,6,5,Pinterest,2,1,5,5,1,2,2,2,1,1,7,6,6,6,2,6,6,5,5,6,2,2,3,5,3,2,5,2,1,3,3,9,9,1,2,6,6,6,5,5,3,6,4,5,5,3,3,3,1,2,5,-99,-99,0,0,152.785,0, , , , ,1,1,0,1,0,0,0,0,7,7, ,6, , , , ,6,6,6,6,5,5,6,6,6,2,2,5,2,2,4,4,3,4,3,5,5,5,5,3,3,5,3,3,3,5,5,5,3,5,3,5,5,5,3,5,6,3,5,5,6,5,6,1997,2,1,0,0,0,0,0,7,6,6,2,14,4
1,5,5,5,3,5,5,3,5,1,6,7,1,5,1,-99,3,5,5,3,6,6,5,6,5,2,6,6,7,6,2,6,6,6,6,5,3,6,3,4,5,4,4,6,1,2,4,1,9,3,2,6,6,6,4,5,4,6,5,3,6,5,1,1,1,3,3,1,-99, , , , ,139.213,139.213,139.696,1,1,0,1,0,0,0,0,0,5, ,7, , , , , ,4,4,4,5,6,5,6,5,5,3,2,3,3,2,3,2,3,2,3,3,3,3,3,3,3,3,3,2,2,6,5,5,5,4,4,4,3,5,4,3,4,4,4,4,4,4,4,1997,1,1,0,0,0,0,0,6,6,6,2,14,4
1,6,1,5,6,6,5,6,6,1,7,7,2,3,2,-99,6,4,1,2,6,7,2,6,4,1,7,5,7,7,1,7,7,7,7,7,4,3,4,7,6,5,6,6,4,3,2,4,4,4,2,4,7,3,5,-99,5,4,6,4,2,2,2,2,2,6,2,5,-99, , , , ,138.852,139.857,139.888,2,1,0,1,0,0,0,0,0,7, ,7, , , , , ,2,2,2,2,7,6,6,7,1,2,2,2,2,2,2,3,2,3,2,3,2,2,2,2,2,2,2,2,2,2,6,6,6,7,6,6,6,6,1,2,7,1,6,7,7,3,7,1998,2,1,0,0,0,0,0,6,4,3,2,15,3
1,6,2,5,6,6,2,2,5,4,7,7,1,3,-99,-99,6,6,2,2,1,2,3,1,1,1,6,5,6,6,2,6,6,6,3,4,3,3,3,3,4,4,4,4,2,9,4,2,9,9,9,3,4,2,5,5,3,2,4,1,3,1,1,1,1,1,3,-99,-99, , , , ,0,0,132.689,0,1,0,1,0,0,0,0,0,4, ,6, , , , , ,5,4,5,4,3,4,5,6,4,2,2,1,1,1,3,2,3,5,3,2,2,2,2,2,2,3,4,4,3,4,6,6,5,6,6,6,6,6,3,4,7,6,7,7,6,6,7,2000,2,1,0,0,0,0,0,3,7,5,2,13,2
1,4,2,3,3,3,3,3,6,7,7,7,1,4,-99,-99,2,2,2,2,1,5,1,4,4,1,7,7,7,7,2,7,4,4,5,4,3,3,2,3,3,3,6,4,1,2,3,2,2,2,2,6,6,4,4,3,3,5,3,3,4,1,3,1,1,1,1,-99,-99,5.188,29.437,173.156,14, , , , ,1,0,0,1,0,0,1,1,2, , ,3, , ,3,4,5,5,3,3,4,3,5,4,3,4,4,3,3,3,4,4,4,4,4,4,4,4,4,4,4,4,5,4,4,4,4,4,4,4,4,4,4,4,5,4,4,4,4,4,4,4,4,1999,2,1,0,0,0,0,0,4,5,4,2,14,1
1,5,7,6,2,2,2,2,4,7,7,7,1,7,-99,-99,2,2,2,2,5,6,5,5,5,3,7,7,7,7,1,7,7,7,7,7,4,3,5,5,3,1,6,2,1,2,9,1,3,3,4,6,7,7,6,6,1,6,4,3,4,3,5,3,2,4,6,-99,-99,41.284,148.481,148.512,3, , , , ,1,1,0,0,0,1,0,0,2,4, , , ,2, , ,6,5,6,4,3,4,5,6,6,6,4,6,3,4,6,6,5,5,6,6,5,7,6,4,5,6,4,3,5,6,7,6,6,6,6,6,6,6,4,2,7,4,6,7,7,6,7,1998,2,1,0,0,0,0,0,1,2,2,1,13,4
1,3,5,3,5,2,5,6,4,1,7,3,1,6,-99,-99,4,2,4,5,5,1,2,2,1,1,5,6,6,4,2,7,5,4,7,5,5,6,2,4,4,5,3,7,1,1,4,1,4,1,3,5,5,5,5,5,2,4,5,1,3,3,5,3,1,1,5,-99,-99, , , , ,0,0,128.512,0,1,0,1,0,0,0,0,0,5, ,6, , , , , ,5,4,5,4,4,5,5,5,4,3,3,2,2,1,3,5,4,5,1,1,1,1,1,1,1,1,1,1,1,6,4,4,3,4,6,6,6,6,5,4,5,3,5,5,5,4,5,2000,2,1,0,0,0,0,0,7,6,6,2,13,2
1,6,5,6,6,6,3,3,7,5,7,7,1,6,-99,-99,6,6,3,3,3,5,4,6,3,3,6,6,6,6,1,6,6,5,2,6,2,2,3,3,3,3,3,3,1,1,3,1,1,1,1,2,2,2,5,5,3,7,5,6,6,6,5,5,6,3,5,-99,-99,0,0,142.356,0, , , , ,1,1,1,1,0,0,0,0,6,6,7,5, , , , ,6,6,6,6,2,6,6,6,6,6,6,6,6,3,6,6,5,3,5,6,5,6,5,5,6,5,5,4,4,5,6,6,6,6,6,6,6,6,2,2,6,6,6,6,6,6,6,1998,2,1,0,0,0,0,0,7,6,5,2,16,2
1,4,3,1,5,4,5,4,1,1,1,4,1,5,-99,-99,3,2,4,2,1,2,1,1,1,1,6,7,7,6,1,3,5,6,1,7,1,1,7,4,2,3,6,3,1,1,4,1,2,9,3,4,7,6,6,4,2,2,4,3,3,2,2,2,2,4,2,-99,-99,3.737,213.131,221.342,5, , , , ,1,1,1,0,0,0,0,0,4,7,7, , , , , ,3,3,6,6,4,4,6,4,6,2,2,2,1,1,1,5,6,4,1,1,1,1,1,1,1,1,2,4,3,2,7,7,7,7,7,7,6,7,1,1,5,5,3,4,4,5,7,1996,1,1,0,0,0,0,0,3,6,4,3,16,3
1,3,4,6,4,3,5,4,7,7,7,7,1,2,1,-99,5,4,5,5,1,6,5,3,3,1,5,7,7,7,1,7,5,5,2,2,3,1,4,5,1,1,6,1,1,1,3,1,9,3,4,7,7,5,5,6,1,3,5,2,5,2,2,1,1,1,1,1,-99,5.54,15.779,139.541,3, , , , ,1,1,1,0,0,0,0,0,4,7,7, , , , , ,6,6,7,3,1,4,5,4,5,3,2,2,2,1,3,4,3,5,3,3,2,2,2,2,2,2,1,2,1,7,7,6,5,4,6,6,7,7,5,2,7,4,5,5,7,4,7,1998,2,1,0,0,0,0,0,1,4,2,7,15,8
1,2,2,4,6,5,3,2,2,7,5,3,3,6,-99,-99,5,4,3,3,3,2,1,5,4,1,-99,-99,-99,-99,-99,-99,5,6,5,5,3,4,4,4,3,2,5,4,1,1,3,1,3,1,1,6,7,4,5,4,2,6,4,4,3,4,5,4,1,1,5,-99,-99, , , , ,0,0,127.902,0,1,1,0,0,0,1,0,0,5,5, , , ,3, , ,5,4,5,3,6,5,6,5,3,4,4,4,3,5,2,5,5,5,5,4,3,2,5,5,3,5,2,3,2,6,5,5,4,5,6,6,6,6,4,3,6,4,6,6,6,5,6,1999,1,1,0,0,0,0,0,4,5,4,7,14,2
1,5,3,3,5,5,3,2,7,7,7,7,3,7,-99,-99,3,3,3,3,2,4,4,4,4,4,5,4,4,3,4,4,5,4,5,5,5,4,4,5,4,3,3,4,2,2,2,2,2,2,2,6,4,5,5,4,3,5,5,4,5,4,4,2,2,3,5,-99,-99, , , , ,0,0,132.777,0,0,0,0,0,0,0,1,1, , , , , , ,7,4,4,5,3,4,3,4,6,5,4,4,4,5,3,4,3,5,4,4,4,4,4,4,3,3,3,4,4,3,3,3,4,4,7,4,4,4,7,5,4,3,4,4,4,5,5,4,4,1999,1,1,0,0,0,0,0,4,6,5,2,14,2
1,6,3,2,4,5,4,2,7,7,7,7,1,2,-99,-99,3,5,3,1,5,3,1,3,3,1,3,4,5,5,2,5,5,7,2,6,2,1,2,2,3,2,2,1,1,2,3,4,3,3,2,5,5,4,6,6,2,4,3,1,3,1,1,1,1,1,3,-99,-99,0,0,147.908,0, , , , ,1,1,0,0,0,0,0,0,4,7, , , , , , ,6,5,4,5,5,4,4,6,5,3,3,2,2,2,2,5,3,4,4,5,2,1,2,2,2,3,3,4,4,3,6,5,5,7,7,6,7,6,3,3,6,2,6,6,5,6,6,1997,1,1,0,0,0,0,0,7,7,7,2,16,3
1,4,3,2,2,4,2,2,7,1,7,1,1,4,1,-99,3,3,3,3,2,3,3,4,2,5,7,7,7,7,1,7,7,7,5,6,6,4,4,4,4,4,4,4,2,4,3,9,2,2,2,7,3,7,3,5,1,5,2,2,1,2,-99,1,1,1,1,2,-99, , , , ,0,0,128.999,0,1,0,1,0,0,0,0,0,7, ,7, , , , , ,1,1,1,1,7,4,4,4,1,1,1,1,1,1,1,1,3,1,1,1,1,1,1,1,1,1,2,2,2,7,5,3,3,3,5,4,5,5,4,6,4,4,4,4,4,4,4,1999,2,1,0,0,0,0,0,7,6,6,2,12,3
1,7,6,4,6,5,5,5,7,7,7,7,3,4,-99,-99,5,5,5,5,6,5,5,3,5,4,7,7,7,7,1,7,7,5,4,7,4,6,5,5,3,4,6,5,1,2,3,3,9,9,2,7,5,6,6,6,5,6,4,2,6,5,1,3,6,4,4,-99,-99, , , , ,2.812,145.539,146.554,5,0,0,1,0,1,0,0,0, , ,5, ,3, , , ,3,3,3,3,6,6,6,4,3,1,2,1,1,1,1,2,5,6,4,5,3,3,3,3,5,5,4,3,3,3,4,4,2,2,6,4,4,6,2,5,4,5,3,5,4,3,3,1997,1,1,0,0,0,0,0,5,6,7,2,17,6
1,3,4,4,5,1,3,1,6,1,6,1,6,6,1,-99,5,1,3,3,1,1,1,1,1,1,5,5,7,5,2,6,5,5,3,5,1,2,3,3,6,1,6,2,1,1,4,4,9,9,4,5,5,5,6,5,1,1,6,1,3,1,1,1,1,3,2,1,-99, , , , ,0,0,137.106,0,1,0,1,0,0,0,0,0,7, ,7, , , , , ,4,2,5,3,3,4,5,5,2,1,1,1,1,1,1,3,1,1,2,1,1,1,1,1,1,1,1,1,2,1,6,6,4,5,6,6,6,6,2,1,5,2,5,5,5,5,5,1997,1,0,1,0,0,0,0,7,4,3,7,16,2
1,4,3,4,2,5,4,2,7,5,7,7,1,5,-99,-99,3,6,5,4,1,6,3,6,5,1,6,5,6,4,2,5,5,6,4,6,3,4,4,3,3,3,5,3,1,9,9,9,-99,9,2,6,6,6,5,3,3,5,3,2,5,5,5,4,2,6,5,-99,-99,0,0,146.122,0, , , , ,1,1,1,0,0,0,0,0,5,7,7, , , , , ,5,5,7,4,2,6,6,5,4,2,2,4,2,1,3,3,3,4,4,4,3,2,2,2,2,3,2,3,2,5,6,6,3,5,5,6,5,5,4,4,7,4,6,6,6,6,7,1999,2,1,0,0,0,0,0,6,6,4,2,15,3
1,7,7,7,5,6,4,6,2,6,7,7,4,4,-99,-99,5,5,3,5,5,3,4,5,4,4,7,4,7,7,1,7,4,5,4,5,3,6,6,6,5,5,4,6,3,4,4,3,4,3,-99,6,4,5,5,5,5,4,3,4,3,3,6,5,6,6,6,-99,-99,0,0,144.624,0, , , , ,1,1,0,1,0,0,0,0,5,3, ,-99, , , , ,4,5,5,5,3,5,4,6,6,4,4,6,5,4,6,5,6,5,4,5,4,5,5,5,4,4,5,4,5,4,5,6,6,5,3,6,3,6,3,2,5,6,5,4,5,6,4,1997,1,0,0,0,0,0,1,1,7,2,2,15,3
1,2,2,4,3,3,2,3,7,6,7,7,1,4,-99,-99,3,2,3,2,2,5,3,4,4,1,7,7,7,7,1,7,6,5,3,7,2,3,5,5,2,2,7,2,1,2,3,3,3,3,2,6,6,6,5,5,2,6,5,2,5,3,3,3,2,1,5,-99,-99, , , , ,0,0,129.945,0,1,0,0,0,0,0,0,0,6, , , , , , , ,3,3,3,3,6,5,6,4,3,2,2,2,2,2,2,3,5,4,2,2,2,2,2,2,2,2,3,5,2,2,6,5,4,5,6,5,5,5,2,4,6,5,6,6,6,6,6,1999,2,1,0,0,0,0,0,3,5,3,2,14,1
1,7,4,5,5,6,3,2,6,7,7,6,2,3,-99,-99,6,6,3,3,5,6,3,6,5,2,7,7,7,6,1,6,5,5,3,5,4,3,5,4,2,2,6,2,1,1,3,3,9,1,3,6,5,6,6,4,2,2,5,2,5,3,4,3,1,2,4,-99,-99, , , , ,0,0,140.809,0,1,0,1,0,0,0,1,0,5, ,7, , , ,3, ,5,3,6,3,5,5,6,5,4,2,1,3,1,2,5,3,5,5,4,2,2,4,3,2,1,3,1,2,1,5,5,6,5,5,5,6,5,6,2,3,6,4,6,6,6,4,6,1999,2,1,0,0,0,0,0,5,4,2,1,13,1
1,6,6,6,6,6,6,6,1,6,4,2,6,6,-99,-99,6,6,6,6,3,1,3,6,6,3,5,5,6,4,3,6,5,3,4,3,4,3,5,3,3,3,4,3,1,1,4,1,4,9,4,6,6,6,7,4,3,4,6,5,4,4,4,4,3,4,5,-99,-99, , , , ,135.589,135.589,136.26,1,0,0,0,0,0,0,0,1, , , , , , , ,1,4,4,4,5,1,5,5,5,4,4,2,2,1,2,1,2,4,5,4,3,4,3,4,3,3,3,4,3,3,2,3,4,4,4,4,4,3,3,4,4,5,3,4,5,4,5,3,1996,9,1,1,1,1,1,0,1,3,2,7,17,2
1,5,7,6,5,7,6,7,7,7,7,7,1,7,7,VSCO,6,6,6,6,4,6,6,7,6,1,4,7,6,7,1,4,7,7,2,6,6,2,4,7,1,2,7,1,1,1,4,4,1,1,3,7,7,7,6,6,5,6,4,4,5,5,6,5,5,3,6,-99,-99,0,0,140.993,0, , , , ,1,1,1,0,0,0,0,0,6,7,7, , , , , ,2,3,2,2,6,4,2,4,2,1,1,1,1,1,4,1,4,4,2,3,2,1,2,1,1,1,3,3,2,5,7,7,7,7,7,7,7,7,1,1,7,5,7,6,6,6,7,1999,2,1,0,0,0,0,0,2,4,3,9,14,4
1,3,5,5,2,2,5,5,1,1,6,4,1,7,-99,-99,1,1,1,1,1,1,1,1,1,1,1,5,4,3,3,3,5,4,5,7,5,6,4,4,4,4,4,4,1,1,4,1,4,1,4,5,5,4,7,2,1,3,5,1,2,1,1,1,1,1,1,-99,-99, , , , ,0,0,140.765,0,1,0,0,0,0,0,0,0,7, , , , , , , ,1,1,4,3,7,4,5,5,1,1,1,1,1,1,1,3,5,4,1,1,1,1,1,1,1,1,1,1,1,1,2,4,2,4,7,7,7,7,3,4,4,4,4,3,4,4,3,1999,1,1,0,0,0,0,0,4,4,4,3,14,2
1,4,7,5,2,3,7,6,7,7,2,7,3,7,-99,-99,3,5,7,7,2,4,5,3,2,5,7,7,7,7,1,7,5,6,2,6,2,5,4,5,2,2,5,2,-99,2,3,1,9,2,2,6,6,6,7,7,5,3,4,5,5,5,5,1,5,5,7,-99,-99,0,0,236.675,0, , , , ,1,1,0,0,0,0,0,0,7,7, , , , , , ,5,3,6,4,5,5,5,6,5,5,4,5,1,2,3,5,5,5,2,4,2,3,2,3,5,2,5,6,6,2,6,6,5,6,6,6,7,7,3,2,4,3,4,5,6,4,7,1996,1,0,0,1,0,0,0,6,2,2,1,17,4
1,3,3,3,2,3,3,2,4,1,7,7,2,7,-99,-99,2,3,3,2,7,4,2,3,1,1,4,7,7,7,3,5,4,6,2,4,4,3,4,3,4,5,5,3,2,9,9,2,9,1,4,4,4,4,4,4,2,3,4,4,4,4,2,3,2,2,5,-99,-99,0,0,132.186,0, , , , ,1,1,0,0,0,0,0,1,5,4, , , , , ,4,4,4,4,4,4,4,4,4,4,3,2,3,2,2,2,3,4,4,4,3,2,2,2,2,2,3,2,3,2,5,5,5,4,5,5,4,4,4,3,2,5,4,5,5,5,4,5,1996,2,0,1,0,0,0,0,4,3,2,9,16,4
1,7,6,7,6,7,6,6,6,7,7,7,1,2,7,Groupme,6,7,5,5,7,7,3,1,2,2,7,7,7,7,1,7,6,6,5,6,6,3,3,4,4,6,7,5,1,1,2,1,9,1,4,7,7,7,4,5,6,7,5,3,3,4,5,5,4,1,3,-99,-99, , , , ,0,0,245.919,0,1,1,0,1,0,0,0,0,4,5, ,4, , , , ,5,5,4,4,4,5,5,4,5,4,4,4,2,2,4,5,3,5,5,6,6,4,5,5,5,5,4,3,3,3,4,4,4,5,5,5,5,5,4,3,5,3,5,4,5,5,4,1998,2,1,0,0,0,0,0,6,6,5,2,14,2
1,7,2,4,6,6,3,3,7,6,7,7,1,6,-99,-99,6,7,4,4,1,2,4,6,5,1,7,7,7,7,3,5,6,6,2,6,1,2,2,3,2,4,7,3,9,2,3,4,2,2,3,5,7,5,6,4,4,5,5,3,7,3,3,3,1,4,5,-99,-99,0,0,140.397,0, , , , ,1,1,0,1,0,0,0,0,7,7, ,7, , , , ,7,7,7,7,1,7,7,7,7,7,7,7,7,4,6,7,6,3,6,6,6,6,6,6,6,6,7,7,2,1,7,7,7,7,7,7,7,7,1,1,7,4,7,7,7,7,7,1998,2,1,0,0,0,0,0,7,6,6,2,15,3
1,5,6,7,3,5,2,2,5,1,5,3,1,5,2,Tumblr,5,5,4,4,2,5,4,6,6,1,4,6,7,5,1,7,6,6,4,7,3,3,5,4,1,1,7,1,1,2,4,4,9,2,3,7,7,7,5,3,1,5,4,4,4,3,2,3,1,4,4,-99,-99,7.713,7.713,148.62,1, , , , ,1,1,1,1,0,0,0,0,3,7,7,7, , , , ,6,5,7,6,1,4,7,7,6,1,1,3,1,1,2,5,3,4,5,5,3,5,5,5,5,5,4,2,3,4,7,7,7,7,7,7,7,7,1,1,7,4,7,7,7,7,7,1996,2,1,0,0,0,0,0,1,2,1,1,17,6
1,3,6,5,3,2,6,6,3,-99,7,7,6,6,-99,-99,5,3,6,6,7,7,3,7,2,6,7,7,7,7,1,7,3,3,5,6,4,7,3,2,3,6,7,5,2,4,2,3,4,3,3,7,6,7,3,4,2,7,2,7,2,2,2,4,6,6,2,-99,-99, , , , ,18.278,82.915,191.437,8,1,0,1,0,0,0,0,0,7, ,6, , , , , ,5,5,5,5,5,5,5,5,5,2,3,5,2,2,5,2,3,3,3,3,4,3,6,5,3,6,5,5,4,6,7,7,6,7,6,6,6,7,1,1,5,6,7,5,5,5,6,1998,2,0,1,0,0,0,0,5,3,4,7,14,8
1,4,3,3,4,3,2,3,5,2,5,5,1,5,-99,-99,4,2,2,2,3,5,2,5,1,1,6,7,7,7,1,7,6,7,1,6,2,4,3,3,4,3,4,3,1,1,2,3,9,1,4,5,5,3,5,5,4,3,5,2,4,5,2,1,1,3,5,-99,-99, , , , ,5.9,84.671,210.855,3,1,1,1,1,0,0,0,0,2,5,4,5, , , , ,4,2,4,3,6,4,5,4,2,2,2,2,2,2,2,2,3,3,1,1,2,1,1,2,1,2,4,3,2,6,3,4,2,1,5,4,4,5,3,3,5,3,3,5,4,5,5,1998,2,1,0,0,0,0,0,6,6,4,2,15,5
1,6,5,4,4,4,4,4,5,7,7,7,5,7,-99,-99,4,5,5,4,3,4,2,3,2,4,5,7,7,7,3,7,3,5,6,5,5,4,3,5,1,1,6,6,2,1,3,2,3,3,2,5,6,5,5,5,2,4,5,3,5,3,4,3,1,6,5,-99,-99, , , , ,2.603,104.345,138.293,2,1,0,1,0,0,0,0,0,7, ,7, , , , , ,4,4,4,4,4,5,6,5,4,1,1,2,1,1,3,4,5,6,4,2,2,1,2,2,2,4,4,5,2,2,6,5,5,6,6,6,6,6,2,4,6,4,5,5,6,4,6,1998,1,1,0,0,0,0,0,2,6,4,2,15,4
1,5,3,4,4,3,2,3,7,6,7,6,1,6,-99,-99,5,5,4,4,3,4,3,4,4,1,6,6,7,7,2,6,6,7,4,6,2,2,3,4,2,2,7,3,1,1,4,1,4,4,4,7,7,5,5,4,2,4,4,2,4,1,2,1,1,1,2,-99,-99, , , , ,0,0,164.372,0,1,0,0,0,0,0,0,0,4, , , , , , , ,6,6,6,6,2,6,6,6,6,1,1,1,1,1,1,4,3,6,2,2,1,1,1,1,1,1,3,5,3,4,6,6,5,6,7,7,7,6,2,2,6,4,7,5,7,6,7,1999,2,1,0,0,0,0,0,5,4,2,1,13,1
1,4,4,3,4,2,4,3,1,7,7,5,5,5,1,-99,4,3,3,4,2,5,7,3,4,1,4,7,7,7,1,7,3,3,4,3,3,3,4,3,2,1,3,1,1,2,3,9,9,9,9,4,5,4,3,2,2,2,2,2,2,2,5,2,1,4,4,1,-99,0,0,135.764,0, , , , ,1,1,1,0,0,0,0,0,2,7,7, , , , , ,4,4,5,2,2,4,4,4,4,1,1,2,1,1,2,3,4,2,4,4,4,2,4,4,4,4,2,3,1,7,5,4,3,5,4,4,5,5,2,3,6,4,6,5,6,6,5,1999,1,1,0,0,0,0,0,2,5,4,3,14,3
1,5,4,5,5,5,6,4,6,3,7,7,1,7,6,-99,5,6,6,4,5,4,3,7,7,1,4,6,6,6,3,6,5,5,4,5,5,4,4,5,3,4,6,4,9,9,2,9,2,1,1,7,7,7,5,5,5,5,6,6,7,1,6,1,1,1,3,-99,-99, , , , ,0,0,222.335,0,1,1,0,0,0,0,0,1,3,4, , , , , ,4,5,4,2,5,4,5,6,5,5,5,6,5,6,5,4,5,5,4,5,5,6,5,6,6,4,5,3,5,4,4,4,6,6,5,4,6,4,6,5,5,5,5,6,5,6,5,6,1998,2,0,1,0,0,0,0,6,5,5,9,16,4
1,7,6,5,5,5,5,5,6,1,1,6,1,3,-99,-99,4,4,4,4,4,5,5,4,5,1,7,7,7,7,1,7,5,5,3,5,3,3,4,6,2,2,7,3,1,1,2,9,2,1,4,7,7,4,6,6,2,3,6,3,3,1,1,1,1,1,1,-99,-99, , , , ,0,0,137.754,0,1,0,0,0,0,0,0,0,7, , , , , , , ,5,5,6,5,3,4,6,5,5,4,5,4,3,2,4,4,4,4,5,3,5,4,5,5,5,5,4,5,3,2,6,6,4,2,4,6,6,6,2,4,6,6,5,5,5,4,6,1997,2,0,1,0,0,0,0,5,5,2,1,17,5
1,2,2,3,1,2,2,1,4,7,5,4,3,2,-99,-99,1,2,1,1,3,3,3,3,2,1,6,5,6,6,2,6,5,5,2,7,3,3,3,5,2,1,6,2,2,1,2,1,4,4,4,5,6,5,5,4,3,4,4,3,4,3,3,3,3,3,3,3,-99,1.575,15.762,188.318,4, , , , ,1,1,1,1,0,0,0,0,5,5,7,7, , , , ,6,6,5,6,1,5,5,6,6,2,3,4,1,1,1,4,4,4,1,1,1,1,1,1,1,1,1,3,1,2,5,5,4,4,4,5,4,5,1,2,7,5,6,5,6,5,7,1997,2,0,1,0,0,0,0,2,3,3,7,16,3
1,5,2,6,5,2,4,2,6,1,7,5,1,5,-99,-99,1,1,1,1,3,4,3,7,5,1,7,7,7,7,1,7,5,7,1,5,2,1,3,5,3,6,7,1,1,1,9,1,9,9,9,6,7,7,7,3,2,3,2,2,5,1,1,1,1,1,6,-99,-99,0,0,137.041,0, , , , ,1,1,0,0,0,0,0,0,4,5, , , , , , ,7,7,7,6,2,4,4,4,7,4,2,6,3,2,3,6,4,3,6,5,5,2,3,3,5,5,2,2,2,6,7,7,7,7,5,7,5,7,1,1,7,6,7,7,7,6,7,1997,2,1,0,0,0,0,0,5,6,4,2,15,2
1,5,3,2,5,2,5,4,6,6,7,7,1,4,-99,-99,1,1,1,1,1,1,1,1,1,1,7,7,7,7,1,7,5,5,6,6,6,3,3,7,1,2,5,2,1,1,4,1,9,9,4,7,7,7,6,2,2,7,4,3,3,1,1,1,1,1,4,-99,-99,0,0,265.657,0, , , , ,1,1,0,0,1,0,0,0,2,7, , ,3, , , ,6,6,6,5,2,4,6,4,6,3,3,5,1,1,5,5,4,4,2,5,1,4,1,1,4,4,1,1,1,7,5,5,4,6,3,5,5,6,4,3,6,4,6,6,6,6,6,1997,2,1,0,0,0,0,0,6,6,3,3,14,1
1,4,2,4,5,5,2,3,7,7,7,7,1,7,-99,-99,7,7,7,7,1,1,4,7,5,1,1,7,7,7,1,7,6,2,3,4,5,5,5,6,3,6,3,2,2,1,3,9,2,9,1,6,4,6,7,7,3,1,4,6,7,1,1,1,1,1,1,-99,-99, , , , ,1.882,138.018,138.824,4,1,1,0,0,0,0,0,0,7,5, , , , , , ,4,5,1,4,5,6,6,6,4,4,3,3,4,2,4,4,6,3,4,4,2,1,2,5,2,4,1,4,2,2,7,7,7,7,7,7,7,7,1,4,6,6,7,4,4,4,7,1998,2,1,0,0,0,0,0,4,2,2,1,14,4
1,2,2,2,2,2,2,2,7,6,7,7,1,3,-99,-99,3,3,3,3,5,5,5,5,7,5,7,7,7,7,2,7,7,7,7,7,4,7,6,6,1,1,7,1,2,9,9,9,9,1,9,7,7,7,6,6,3,3,7,2,6,4,4,4,4,1,4,-99,-99, , , , ,2398.03,2398.03,2399.691,1,0,0,0,0,1,0,0,0, , , , ,4, , , ,4,4,4,4,4,6,4,4,4,5,5,5,5,5,5,5,5,5,2,2,2,2,2,2,2,2,4,4,4,4,4,4,4,4,4,4,4,4,4,4,5,5,5,5,5,5,5,1998,2,1,0,0,0,0,0,1,4,4,9,15,4
1,5,3,3,3,5,2,2,6,7,7,7,2,4,-99,-99,2,2,2,3,6,7,4,5,2,1,7,7,7,7,2,7,7,7,3,7,2,3,3,3,5,6,5,4,1,1,9,2,2,9,1,7,7,7,6,6,6,7,6,5,7,5,6,4,6,5,3,-99,-99,0,0,261.64,0, , , , ,1,1,0,0,0,1,1,1,7,7, , , ,3,7,6,6,6,6,5,4,6,6,6,6,6,6,5,5,5,6,5,5,5,6,5,5,5,5,6,5,5,3,3,4,5,7,7,7,7,7,6,7,6,3,2,7,6,6,7,7,6,6,1997,2,1,0,0,0,0,0,7,7,7,2,14,3
1,4,4,4,4,4,4,4,4,4,7,2,1,7,1,-99,4,4,4,4,2,2,3,4,2,2,6,6,6,6,2,6,5,5,2,5,4,2,4,4,4,4,4,4,2,2,9,9,9,9,9,5,5,5,4,4,4,4,4,4,4,4,4,4,4,4,4,4,-99, , , , ,0,0,138.181,0,1,0,1,0,0,0,0,0,6, ,7, , , , , ,4,4,4,4,4,4,4,4,4,4,4,4,4,4,4,4,4,4,4,4,4,4,4,4,4,4,3,3,3,5,5,5,5,5,5,5,6,5,3,4,4,4,4,4,4,4,4,1999,2,1,0,0,0,0,0,7,5,5,2,14,5
1,6,5,6,3,2,3,2,1,6,1,6,2,6,1,-99,5,2,5,5,2,3,3,4,5,2,7,7,7,7,1,7,6,6,4,7,2,3,4,5,1,2,7,2,1,1,3,1,2,3,9,5,7,6,5,5,2,4,6,3,5,1,3,1,3,3,4,1,-99,6.894,154.699,155.296,3, , , , ,1,1,0,0,1,1,1,1,3,5, , ,5,6,5,4,6,5,4,5,3,3,6,2,6,6,5,6,1,2,6,5,5,5,3,2,1,1,1,1,1,1,2,3,2,5,4,6,4,4,4,3,6,5,4,3,4,2,4,4,4,4,4,1998,2,1,0,0,0,0,0,2,6,2,3,14,2
1,5,3,5,4,4,3,2,5,7,7,7,1,4,-99,-99,5,4,5,4,3,6,6,1,1,1,5,6,7,6,2,7,4,6,2,6,3,2,3,5,5,4,4,2,1,1,3,9,2,4,2,6,6,6,3,5,2,3,4,3,4,4,5,3,4,1,3,-99,-99, , , , ,0,0,158.757,0,1,1,1,0,0,0,0,0,2,3,7, , , , , ,2,2,3,2,7,3,3,4,2,1,2,1,1,1,1,2,2,1,2,2,3,1,2,1,2,2,1,1,1,6,5,4,2,3,5,3,5,5,2,2,5,4,4,3,4,3,2,1998,2,1,0,0,0,0,0,1,4,3,7,14,2
1,4,1,5,4,2,4,3,7,4,7,7,1,7,-99,-99,5,3,6,4,1,3,1,4,1,1,6,6,6,6,1,5,5,6,5,7,7,4,3,3,3,6,5,4,1,2,3,1,3,2,2,5,5,5,5,5,1,4,5,4,5,1,1,1,1,1,1,-99,-99, , , , ,0,0,1403.601,0,1,0,0,0,0,0,0,0,7, , , , , , , ,1,2,3,3,4,4,5,4,4,4,4,5,4,5,4,4,5,4,3,3,4,3,3,3,3,4,2,2,2,2,4,3,3,4,4,4,4,3,4,3,6,5,5,5,5,5,6,1997,1,1,0,0,0,0,0,4,3,3,1,16,2
1,7,3,3,6,7,4,3,4,3,7,7,1,7,-99,-99,5,5,5,5,4,4,5,5,4,5,5,6,5,5,4,6,6,5,5,6,5,4,3,3,3,4,3,2,1,2,3,9,9,1,1,5,7,4,6,-99,2,2,3,3,3,1,1,1,1,1,1,-99,-99, , , , ,139.938,139.938,140.586,1,0,1,0,0,0,0,0,0, ,7, , , , , , ,3,6,4,5,5,5,4,4,4,4,5,5,3,5,5,5,5,4,4,5,5,5,5,5,5,4,5,4,5,5,5,5,5,4,5,5,5,4,5,5,5,4,4,4,4,4,5,1998,2,0,0,0,1,0,0,6,4,5,3,12,6
1,4,3,4,4,4,3,3,2,7,4,5,7,5,-99,-99,5,4,3,4,2,2,3,4,5,2,6,7,7,7,2,7,6,6,6,5,5,4,5,4,5,5,5,3,1,1,3,2,2,2,3,7,7,5,5,7,2,6,4,4,6,4,5,5,5,3,6,-99,-99, , , , ,0,0,143.325,0,1,1,0,0,0,0,0,0,6,4, , , , , , ,3,5,5,4,5,3,4,5,6,2,4,3,4,5,2,4,4,4,5,4,4,5,4,3,3,5,3,5,5,4,3,3,4,4,6,5,4,5,2,2,4,6,4,6,3,3,4,1997,1,1,0,0,0,0,0,3,5,3,9,15,3
1,6,5,5,6,4,5,5,6,1,-99,5,7,3,1,-99,6,5,5,5,5,2,4,1,5,1,2,7,7,5,1,7,3,3,1,7,1,1,5,4,1,1,7,1,1,2,4,4,4,9,4,5,6,7,5,4,2,2,4,3,2,2,1,2,2,1,2,1,-99,0,0,147.154,0, , , , ,1,1,0,0,0,0,0,0,7,7, , , , , , ,7,7,7,7,1,7,7,7,7,3,6,6,6,1,6,6,3,4,5,4,3,4,3,4,5,6,4,6,6,1,7,7,5,7,7,7,5,7,2,2,7,5,7,7,7,7,7,1997,1,0,0,0,0,0,1,2,6,4,2,16,5
1,7,3,6,7,7,2,4,4,7,7,7,1,7,-99,-99,7,5,2,2,2,7,6,7,6,1,7,7,7,7,1,7,6,4,7,7,4,7,4,3,1,2,7,2,1,1,9,1,9,3,4,7,7,7,6,4,1,1,6,1,4,2,4,2,2,2,3,-99,-99, , , , ,0,0,135.605,0,1,0,1,0,0,0,0,0,7, ,7, , , , , ,5,5,7,7,1,7,7,7,5,5,6,7,2,1,3,7,2,7,2,2,2,6,3,2,1,2,4,2,2,5,7,7,7,7,7,7,7,7,1,1,7,6,7,7,7,6,7,1998,2,1,0,0,0,0,0,6,5,3,1,13,1
1,4,3,3,3,3,2,3,6,2,6,6,1,6,-99,-99,3,2,2,2,3,4,3,5,3,1,6,5,6,6,5,6,5,5,4,5,5,4,4,4,4,4,4,4,3,2,3,2,3,3,2,4,4,4,4,5,4,5,5,4,4,3,3,3,3,3,4,-99,-99,84.997,84.997,135.786,1, , , , ,1,1,1,1,0,0,0,0,5,7,4,7, , , , ,4,4,4,4,5,4,4,4,3,2,1,2,1,1,2,2,4,2,3,2,3,3,3,3,3,3,3,2,3,3,4,3,3,3,4,3,4,4,4,5,4,4,4,4,4,4,5,1997,2,1,0,0,0,0,0,5,6,3,2,17,2
1,4,4,4,4,4,4,4,4,4,4,4,4,4,4,-99,4,4,4,4,4,4,4,4,4,4,4,4,4,4,4,4,4,4,4,4,4,4,4,4,4,4,4,4,3,3,3,3,3,3,3,4,4,4,-99,4,4,4,4,4,4,4,4,4,4,4,4,4,-99,0,0,156.156,0, , , , ,0,0,0,0,0,1,0,0, , , , , ,4, , ,4,4,4,4,4,4,4,4,4,4,4,4,4,4,4,4,4,4,4,4,4,4,4,4,4,4,4,4,4,4,4,4,4,4,4,4,4,4,4,4,4,4,4,4,4,4,4,1998,1,1,0,0,0,0,1,4,4,4,9,16,4
1,6,1,3,4,6,3,3,7,7,7,7,1,2,-99,-99,4,6,3,3,1,5,1,4,1,1,6,7,7,7,1,6,5,5,4,3,6,4,4,6,5,4,2,4,1,2,4,9,9,1,2,5,6,4,6,4,3,4,6,5,5,4,6,5,5,4,5,-99,-99,0,0,134.268,0, , , , ,1,1,0,0,0,0,0,0,7,7, , , , , , ,6,5,5,5,2,4,5,5,5,5,3,3,3,1,4,5,5,5,3,5,3,4,5,3,4,3,4,4,4,3,7,7,7,7,5,5,5,5,3,3,4,5,3,3,5,4,5,1999,2,1,0,0,0,0,0,5,7,6,2,16,3
1,7,5,7,4,5,4,3,4,1,7,5,2,7,-99,-99,6,5,4,3,1,1,3,2,4,1,5,7,7,5,2,7,6,7,3,7,1,2,5,5,2,1,7,1,1,1,9,1,2,1,2,5,6,6,5,6,4,3,6,3,6,2,4,4,2,4,3,-99,-99, , , , ,0,0,132.632,0,1,0,1,0,0,0,0,0,7, ,7, , , , , ,5,5,3,5,5,4,5,5,4,3,3,2,2,3,3,4,3,3,1,1,2,3,1,1,1,1,1,1,2,6,5,5,4,4,5,5,4,5,2,3,4,4,4,4,4,4,4,1999,2,1,0,0,0,0,0,1,1,1,1,13,2
1,5,3,5,5,3,2,2,2,7,7,7,1,3,-99,-99,4,3,2,2,1,3,3,1,1,1,4,6,7,6,1,6,6,7,6,7,1,4,1,1,1,1,6,1,1,2,4,1,4,1,1,6,6,6,4,4,4,6,4,4,4,4,4,2,4,1,4,-99,-99,0,0,193.529,0, , , , ,1,0,0,0,0,0,0,0,5, , , , , , , ,3,4,5,4,4,4,4,4,5,4,3,4,4,4,3,3,3,3,3,4,3,3,3,4,4,3,3,3,3,4,4,4,3,3,3,3,3,4,4,4,3,3,4,4,4,4,4,1999,2,0,0,1,0,0,0,7,4,2,1,13,2
1,5,3,3,5,5,2,2,6,7,7,7,1,3,-99,-99,5,5,2,2,3,3,2,3,1,1,7,7,7,7,1,7,6,6,1,5,2,2,4,5,3,2,2,2,1,2,9,1,9,1,2,6,6,6,5,5,3,3,5,4,5,5,3,2,3,1,2,-99,-99, , , , ,0,0,612.587,0,1,0,1,0,0,0,0,0,4, ,7, , , , , ,5,5,5,5,2,4,5,4,6,4,4,5,3,3,4,5,3,3,4,5,5,4,4,4,3,4,4,5,5,4,5,5,4,5,4,6,5,5,4,4,5,1,6,3,6,6,6,1999,2,1,0,0,1,0,0,4,5,5,2,14,2
1,4,4,4,3,2,3,3,5,4,6,6,3,5,-99,-99,1,1,1,1,2,4,3,4,3,1,7,7,7,5,3,7,5,5,3,6,3,2,4,4,4,4,4,4,1,1,3,1,3,9,4,4,4,4,4,5,2,3,3,2,3,2,1,2,2,3,4,-99,-99,0,0,156.562,0, , , , ,1,1,1,0,1,1,0,1,5,7,7, ,4,4, ,3,6,6,6,6,2,5,7,6,7,7,7,7,5,3,7,7,4,7,6,6,6,6,6,6,6,5,1,1,1,5,7,7,7,7,7,7,7,6,1,1,7,4,3,5,7,5,6,1999,2,1,0,0,0,0,0,1,5,2,2,15,1
1,4,6,5,5,5,6,6,2,1,3,1,7,6,-99,-99,5,5,6,6,2,2,5,2,2,2,5,7,6,5,3,6,5,5,4,6,3,2,4,5,2,2,7,4,1,1,4,1,4,1,4,4,6,4,6,6,4,5,4,3,3,3,3,3,3,5,5,-99,-99, , , , ,0,0,139.459,0,1,0,1,0,0,0,0,0,7, ,7, , , , , ,6,6,6,6,3,4,6,6,6,5,6,5,2,1,6,7,5,6,4,4,3,3,3,3,3,3,5,5,5,4,6,6,5,6,6,6,6,6,1,1,5,4,5,5,5,5,5,1994,1,1,0,0,0,0,0,1,3,3,1,18,8
1,3,5,6,2,3,3,5,6,4,6,6,4,6,-99,-99,4,3,6,4,5,4,2,4,3,7,4,2,3,6,5,2,3,6,4,5,2,5,3,4,4,6,6,3,2,4,2,3,4,3,4,3,2,6,4,5,3,5,5,3,4,4,6,4,5,6,6,5,-99, , , , ,0,0,132.108,0,1,1,0,0,1,0,0,0,2,7, , ,1, , , ,4,4,6,6,2,5,5,6,5,6,5,3,5,3,4,5,3,3,7,5,5,5,3,3,3,3,3,4,6,2,2,5,2,3,3,3,5,3,5,4,5,3,6,3,3,3,4,1998,1,1,0,0,0,0,0,1,4,3,3,14,2
1,3,7,5,4,3,6,5,1,1,1,1,2,3,-99,-99,1,1,1,1,1,1,4,3,1,1,3,5,6,5,2,5,3,3,5,4,3,5,4,5,2,2,7,2,1,1,4,1,4,1,4,5,5,4,5,4,2,4,3,1,5,1,1,1,1,1,5,-99,-99,0,0,154.565,0, , , , ,1,1,1,0,0,0,0,0,4,7,7, , , , , ,7,7,7,7,1,7,7,7,7,1,1,1,1,1,1,6,6,6,4,4,4,4,4,4,4,4,4,4,4,4,6,6,6,6,6,6,6,6,2,2,4,4,4,4,4,4,4,1997,1,1,0,0,0,0,0,1,4,3,1,15,8
1,5,6,5,3,4,6,5,4,6,6,6,1,7,-99,-99,2,2,6,5,2,5,4,3,5,1,7,7,7,7,1,7,5,6,2,4,3,2,5,3,2,3,6,3,1,1,4,4,4,9,1,5,7,4,6,6,3,5,6,2,4,2,2,1,2,2,6,-99,-99, , , , ,0,0,127.53,0,1,0,1,0,0,0,0,0,6, ,6, , , , , ,7,7,7,6,6,7,7,7,7,6,5,7,6,2,6,6,6,6,5,3,2,3,2,5,1,3,4,6,6,6,6,7,7,7,6,7,7,6,2,1,6,6,7,7,6,6,7,1995,1,1,0,0,0,0,0,2,3,3,1,10,3
1,5,5,6,6,2,6,6,7,1,7,4,1,4,-99,-99,5,3,4,3,4,4,6,7,4,1,7,7,7,7,2,7,5,5,3,5,2,5,1,3,1,4,6,6,2,1,2,1,1,9,4,6,6,6,5,5,1,3,1,3,6,5,5,4,5,1,4,-99,-99,0,0,158.099,0, , , , ,1,1,0,1,1,1,0,1,3,5, ,5,5,4, ,4,5,4,5,4,3,6,6,6,5,6,6,2,2,4,4,5,5,4,4,4,4,4,4,4,4,4,4,3,4,5,5,6,6,4,7,5,6,6,6,6,4,4,4,5,4,4,4,1998,2,1,0,0,0,0,0,4,6,4,2,15,3
1,5,5,5,5,5,4,4,5,1,1,1,1,7,-99,-99,2,3,2,2,1,1,1,4,3,1,7,7,7,7,2,7,6,6,1,7,1,2,4,6,2,2,5,1,1,2,3,1,9,1,2,7,5,6,7,7,4,5,5,4,5,3,3,3,3,5,5,-99,-99,271.282,271.282,272.083,1, , , , ,1,1,0,0,0,0,0,0,7,7, , , , , , ,6,6,6,6,3,6,7,6,6,3,4,2,2,3,2,5,6,6,2,2,2,2,2,2,2,2,1,2,3,6,7,7,7,7,6,6,6,7,1,1,6,4,5,6,6,6,7,1997,1,1,0,0,0,0,0,2,3,2,1,15,1
1,2,2,2,3,1,2,4,1,7,2,2,1,4,-99,-99,2,1,2,4,2,1,3,2,1,1,6,7,7,6,1,6,5,5,5,6,5,4,3,5,1,3,7,4,1,1,3,1,3,3,2,7,6,5,5,4,2,4,2,4,4,3,3,1,1,2,1,-99,-99,0,0,140.66,0, , , , ,1,1,0,1,0,0,0,0,7,7, ,7, , , , ,5,5,6,6,2,4,5,5,5,6,4,5,3,4,5,6,4,6,4,4,3,4,5,3,2,5,5,3,4,3,5,6,5,5,4,7,5,6,3,2,5,4,6,5,7,5,6,1996,1,1,0,0,0,0,0,1,6,3,3,16,0
1,6,4,4,5,5,4,4,7,7,7,7,1,5,-99,-99,5,4,4,5,4,5,2,3,1,1,6,5,7,6,2,6,6,6,2,4,2,2,2,2,3,4,5,3,1,9,3,4,2,2,2,5,7,6,5,6,4,4,5,4,5,3,3,3,3,4,4,-99,-99, , , , ,141.356,141.356,143.454,1,1,0,1,0,0,0,0,0,7, ,7, , , , , ,3,3,5,3,3,4,3,5,3,2,2,1,1,1,3,2,2,5,3,2,2,1,1,2,1,2,1,1,1,7,5,4,4,5,5,6,5,5,3,5,5,4,4,5,5,5,6,1998,2,1,0,0,0,0,0,7,7,7,2,16,6
1,7,1,1,6,7,3,1,5,6,7,6,1,3,1,-99,6,7,4,1,1,1,1,3,1,1,2,5,1,5,4,5,4,4,7,1,7,5,2,1,2,1,6,4,1,1,9,1,9,1,2,7,7,4,5,3,3,6,3,3,3,2,3,2,1,1,3,1,-99,0,0,141.938,0, , , , ,1,1,0,1,0,0,1,0,7,7, ,3, , ,2, ,1,1,1,1,7,3,4,4,1,1,1,1,1,1,1,1,4,4,1,1,1,1,1,1,1,1,1,1,1,1,6,6,6,6,4,6,5,5,1,2,6,4,5,3,6,4,6,1999,2,1,0,0,0,0,0,7,6,6,2,15,1
1,1,1,3,1,1,2,2,2,1,7,1,1,7,7,Pinterest,3,3,3,3,1,1,1,7,1,1,7,7,7,2,4,6,7,7,1,7,1,2,6,3,6,6,4,6,2,2,9,9,9,9,1,6,6,1,6,5,1,7,6,2,6,1,1,2,1,1,3,-99,-99, , , , ,2.84,2.84,129.664,1,1,1,0,0,0,0,0,0,6,7, , , , , , ,3,4,6,5,2,7,6,7,5,3,1,2,1,2,1,2,3,5,2,1,1,1,1,1,1,1,1,3,3,5,3,2,1,4,7,3,7,7,6,6,6,7,5,7,6,6,4,1997,2,1,0,0,0,0,0,7,7,6,2,15,3
1,2,3,5,2,2,3,5,5,3,7,7,1,7,-99,-99,3,1,3,4,4,1,6,5,2,1,5,5,6,6,1,6,6,6,2,7,2,3,3,3,2,6,7,4,1,1,2,9,9,3,2,6,6,4,5,4,3,5,6,5,5,3,4,5,3,4,6,-99,-99,0,0,183.95,0, , , , ,1,1,0,0,0,0,1,1,6,7, , , , ,5,5,3,5,5,5,4,5,5,5,5,3,3,3,3,1,4,4,2,4,4,5,4,3,4,4,3,4,1,3,2,5,5,4,4,5,4,5,4,5,4,5,6,4,6,6,6,5,5,1999,2,1,0,0,0,0,0,5,5,4,2,15,2
1,5,5,5,5,5,5,5,4,1,4,4,1,4,1,-99,4,4,4,4,1,1,4,4,4,1,4,6,7,6,1,4,6,6,6,6,6,6,5,5,5,5,5,5,1,1,4,9,9,1,9,4,4,4,4,4,4,4,4,4,4,4,4,4,4,4,4,4,-99, , , , ,0,0,140.515,0,1,0,0,0,0,0,0,0,5, , , , , , , ,4,4,4,4,4,4,4,4,4,4,4,4,4,4,4,4,4,4,4,4,4,4,4,4,4,4,4,4,4,4,4,4,4,4,4,4,4,6,4,4,4,4,4,4,4,4,4,1998,2,0,1,0,0,0,0,7,5,5,1,14,3
1,6,5,5,7,7,6,7,7,1,7,7,1,4,1,-99,7,7,6,5,6,6,5,6,2,6,4,5,7,7,2,5,6,4,4,6,4,2,3,4,5,6,5,6,1,2,4,3,2,1,2,7,7,6,6,4,5,7,4,3,4,4,1,2,2,2,6,-99,-99, , , , ,0,0,141.119,0,1,1,0,0,0,0,0,0,4,5, , , , , , ,4,4,3,4,5,4,4,6,7,2,3,3,3,1,4,6,4,4,5,3,5,4,5,4,4,4,5,3,4,6,6,6,6,6,6,6,7,6,2,6,5,5,6,6,6,6,5,1997,2,1,0,0,0,0,0,4,4,4,2,14,3
1,2,4,5,4,4,4,2,5,6,6,6,1,2,-99,-99,5,5,5,5,2,4,2,3,2,2,6,6,6,6,2,6,6,7,2,7,1,1,4,4,2,3,6,2,1,2,9,1,2,2,4,6,6,6,5,6,2,5,5,3,4,2,2,1,1,1,1,-99,-99,0,0,142.008,0, , , , ,1,1,0,1,0,0,0,0,5,7, ,7, , , , ,6,6,6,6,3,5,5,6,6,5,4,5,4,4,5,5,4,5,6,4,6,4,5,5,5,5,3,3,3,5,6,6,6,6,5,6,6,6,2,2,5,4,4,5,6,6,5,1997,2,1,0,0,0,0,0,5,4,4,7,15,1
1,2,2,3,2,2,2,2,7,1,7,6,1,5,-99,-99,2,2,2,2,3,3,2,5,4,1,5,5,6,5,2,6,5,5,2,5,4,1,2,2,5,5,4,5,1,2,2,9,9,1,9,4,5,5,5,5,2,5,5,3,4,3,2,3,2,4,6,-99,-99, , , , ,0,0,135.006,0,1,1,1,0,0,0,0,0,4,4,6, , , , , ,3,3,3,3,5,5,5,4,4,2,2,2,2,2,2,4,3,3,2,2,2,2,2,2,2,2,2,2,2,6,5,5,4,5,5,5,4,6,5,3,6,3,4,5,5,2,6,1997,2,1,0,0,0,0,0,7,6,6,2,15,4
1,2,4,6,6,1,2,1,3,1,7,1,1,2,-99,-99,6,2,1,1,3,2,1,1,1,1,5,6,7,6,1,5,6,6,4,7,2,4,2,6,4,1,7,2,1,1,4,1,4,1,4,5,6,4,5,5,1,4,4,1,4,1,1,1,1,1,1,-99,-99,0,0,166.586,0, , , , ,1,1,0,1,0,0,0,1,4,5, ,5, , , ,2,1,5,5,5,1,5,5,3,5,5,5,6,5,1,4,5,4,3,4,3,5,3,2,4,2,5,2,2,3,6,6,5,6,5,4,6,5,5,3,2,6,4,6,5,7,6,6,1999,2,1,0,0,0,0,0,4,2,2,1,14,4
1,6,7,7,5,5,7,7,3,6,6,6,3,7,-99,-99,5,5,6,6,3,6,7,2,2,5,6,7,7,7,4,7,5,5,3,6,3,2,4,5,2,3,7,2,1,1,4,1,4,4,4,5,7,6,5,6,2,6,5,4,2,3,3,3,3,3,5,-99,-99, , , , ,18.158,149.128,149.48,4,1,0,1,0,0,0,0,0,7, ,7, , , , , ,4,4,5,5,3,5,4,5,5,3,4,5,1,2,5,5,5,6,6,6,6,5,6,6,6,6,4,3,4,3,5,5,5,5,4,5,5,5,2,2,6,3,3,5,6,4,6,1999,1,1,0,0,0,0,0,1,4,4,3,15,2
1,5,4,5,4,3,3,3,6,6,6,6,4,6,-99,-99,2,3,2,3,4,3,3,4,3,4,4,4,4,4,3,4,4,3,4,3,2,3,3,4,3,3,4,3,2,2,2,2,2,3,2,4,4,4,5,5,3,5,4,5,5,5,5,6,5,5,6,-99,-99,7.835,11.464,134.559,2, , , , ,1,1,0,0,0,0,0,0,3,6, , , , , , ,6,6,6,5,5,4,4,4,5,2,2,2,2,2,2,3,5,5,4,3,5,1,4,3,4,5,3,3,4,3,2,4,3,4,3,2,3,3,3,3,2,3,4,4,3,2,2,1996,2,1,0,0,0,0,0,4,4,2,2,16,3
1,7,3,5,3,6,2,3,7,7,7,7,1,7,-99,-99,2,6,2,2,3,2,1,4,2,1,6,6,6,6,2,5,7,7,1,7,1,1,4,5,3,3,4,2,1,2,3,1,4,1,2,5,6,5,6,5,2,4,3,3,4,1,3,1,1,1,3,-99,-99, , , , ,0,0,136.467,0,1,0,0,0,0,1,0,1,7, , , , ,5, ,5,2,2,2,2,6,4,2,4,2,2,2,2,1,3,1,2,2,2,1,1,1,1,1,1,1,1,1,2,1,4,5,5,5,5,3,5,4,5,2,4,5,3,4,4,4,4,4,1998,2,1,0,0,0,0,0,7,2,2,1,13,2
1,5,2,6,6,6,4,2,4,4,7,7,1,7,-99,Snapchat,5,5,3,2,5,5,4,4,4,1,7,7,7,7,2,7,6,7,3,6,2,5,4,4,1,2,7,3,1,1,3,1,3,1,4,5,5,4,6,7,2,3,3,4,4,5,5,3,4,4,4,-99,-99, , , , ,0,0,136.112,0,0,0,1,0,0,0,0,0, , ,7, , , , , ,3,2,1,4,4,5,6,6,5,1,2,2,1,1,2,3,3,4,3,4,3,2,2,4,3,4,3,2,2,6,5,5,4,5,5,5,5,6,2,3,6,3,4,5,6,6,6,1999,2,1,0,0,0,0,0,4,5,2,1,12,2
1,4,1,4,6,2,2,4,7,7,1,7,1,2,1,-99,7,1,4,5,1,5,2,7,1,1,7,7,7,6,1,7,4,3,5,5,3,3,2,2,1,2,3,2,1,1,4,4,9,1,2,2,4,2,6,3,1,2,3,5,4,6,7,6,6,6,6,6,-99,0,0,141.633,0, , , , ,1,1,1,1,0,0,0,0,7,7,7,7, , , , ,4,4,6,6,4,6,6,7,5,1,1,1,1,1,1,2,5,5,1,1,3,2,1,2,2,1,2,3,1,3,6,6,6,6,6,7,5,6,1,2,7,4,5,7,7,7,7,1997,2,1,0,0,0,0,0,2,5,4,7,16,4
1,4,5,6,6,5,5,4,7,1,7,7,1,5,-99,-99,5,5,5,5,5,4,3,4,4,1,4,7,7,7,1,7,6,7,-99,5,2,1,6,7,2,2,7,3,1,1,4,1,2,1,4,6,7,6,7,7,5,5,6,1,6,3,2,3,1,2,4,-99,-99,6.162,150.577,151.481,2, , , , ,1,1,0,0,0,0,1,0,6,7, , , , ,6, ,7,7,6,6,1,7,7,7,7,5,5,7,2,1,5,7,5,5,4,4,1,6,1,1,1,4,5,6,5,1,6,7,5,6,6,6,6,6,2,1,7,4,6,7,7,7,7,1997,2,1,0,0,0,0,0,2,3,3,1,3,5
1,5,3,6,5,5,6,6,6,4,7,7,1,7,-99,-99,4,4,5,5,4,5,4,6,6,4,6,6,6,6,3,6,4,7,3,7,5,3,6,5,1,1,7,1,1,1,4,1,9,4,2,7,7,7,6,6,4,3,6,5,6,4,1,5,2,1,6,-99,-99,0,0,1818.311,0, , , , ,1,1,1,1,0,0,0,1,7,7,7,5, , , ,5,7,6,6,6,1,4,6,6,7,3,5,5,3,2,6,5,2,5,5,5,5,4,5,6,4,6,3,5,4,5,6,6,5,6,5,6,6,6,2,2,7,5,7,7,7,7,7,1998,2,0,1,0,0,0,0,3,3,1,1,17,4
1,5,3,5,6,4,4,5,6,7,7,7,2,5,1,-99,5,3,4,5,2,7,5,6,5,2,4,7,7,6,1,7,6,2,2,7,2,1,1,4,2,3,7,5,1,1,9,9,9,9,1,5,6,4,6,6,1,2,6,1,4,3,1,1,2,1,6,-99,-99,0,0,132.649,0, , , , ,1,1,1,0,0,0,0,0,5,7,7, , , , , ,5,2,5,5,4,4,7,6,5,1,4,5,2,1,1,2,3,2,2,2,1,3,1,1,1,1,2,1,1,6,7,7,5,7,7,7,7,7,1,1,7,4,5,7,7,6,6,1997,1,1,0,0,0,0,0,4,7,4,2,17,3
1,4,2,2,4,4,4,4,6,1,1,6,6,5,4,-99,2,2,2,6,4,3,4,2,5,3,5,5,3,3,5,3,5,5,5,4,4,4,2,2,6,2,2,2,2,3,3,2,3,2,3,4,6,4,6,4,4,5,5,5,5,6,5,5,4,6,5,-99,-99, , , , ,0,0,245.873,0,0,1,0,0,0,0,0,0, ,4, , , , , , ,5,5,5,5,1,5,6,-99,5,6,6,6,5,6,5,6,4,6,5,5,6,6,3,5,6,6,6,4,5,7,6,5,4,5,5,-99,6,5,6,6,4,2,6,5,6,6,5,1998,1,1,0,0,0,0,0,3,1,1,1,15,8
1,5,4,5,6,6,6,5,7,7,7,7,1,6,-99,-99,6,6,4,2,2,7,1,3,1,1,6,7,7,7,2,7,7,6,7,7,4,6,1,1,1,1,1,7,1,1,9,1,9,9,1,6,7,4,7,7,5,5,4,5,5,3,6,6,5,2,7,-99,-99, , , , ,18.714,25.416,233.196,2,1,0,0,0,0,0,0,0,7, , , , , , , ,3,3,3,3,6,4,6,6,2,1,1,1,1,1,1,3,3,5,3,4,2,2,2,2,2,5,1,4,1,6,7,5,5,7,7,7,6,7,1,5,7,5,7,7,7,7,7,1999,2,1,0,0,0,0,0,3,5,3,2,16,4
1,1,7,7,6,3,7,7,1,5,6,5,6,6,2,-99,1,4,7,7,6,7,5,5,6,7,6,6,5,5,2,5,5,6,6,4,5,4,5,6,6,5,5,6,2,3,2,3,2,4,4,6,5,4,5,5,5,5,3,2,3,5,4,5,4,5,4,5,-99, , , , ,3.935,127.364,129.717,10,1,0,0,1,0,1,1,0,3, , ,6, ,5,5, ,3,6,1,2,6,4,5,3,5,5,5,2,2,3,5,5,5,2,2,6,3,5,5,2,5,2,2,5,2,6,5,3,5,5,2,2,3,5,5,6,5,2,5,6,5,2,2,1997,1,1,0,0,0,0,0,5,5,5,2,14,3
1,7,3,6,6,3,5,3,3,5,6,7,1,2,-99,-99,6,2,4,6,2,2,1,2,2,1,5,6,6,6,2,5,5,6,2,6,2,3,5,5,4,3,5,3,2,2,4,1,3,1,4,5,6,5,5,5,2,4,3,3,3,1,2,2,2,1,2,-99,-99,0,0,142.064,0, , , , ,1,1,1,1,0,0,0,0,5,7,6,7, , , , ,1,1,3,2,6,4,5,4,2,1,2,1,1,1,1,2,2,2,1,2,1,1,1,1,1,1,2,2,1,6,5,4,5,5,3,5,3,3,5,6,7,2,5,3,6,6,6,1999,1,1,0,0,0,0,0,5,3,2,1,14,2
1,5,5,5,1,1,5,5,4,7,6,6,4,7,-99,-99,3,3,5,5,2,6,4,6,2,4,7,7,7,7,1,7,5,6,5,5,4,3,3,4,3,2,4,3,1,2,9,1,9,1,1,7,7,5,5,5,3,4,4,4,4,1,5,2,3,5,6,-99,-99, , , , ,0,0,153.862,0,1,0,1,0,0,0,1,0,4, ,4, , , ,5, ,5,5,5,5,3,5,5,5,4,4,4,5,3,3,4,5,4,4,4,5,5,4,5,5,4,5,4,4,5,3,6,5,5,5,6,6,6,7,2,3,6,-99,6,6,6,5,6,1999,2,1,0,0,0,0,0,5,5,3,9,13,1
1,6,7,6,6,5,7,7,6,3,4,5,7,6,-99,-99,6,5,7,6,1,5,7,6,6,1,7,7,7,7,3,7,7,7,3,7,5,3,7,7,2,2,7,2,1,1,3,9,3,3,4,6,7,5,6,7,1,4,6,5,7,5,5,5,4,6,6,-99,-99,1.131,1.512,154.613,4, , , , ,1,0,0,0,0,0,0,0,5, , , , , , , ,6,5,7,5,3,6,6,6,6,4,4,3,1,1,5,6,4,6,7,7,3,2,7,7,3,7,6,5,3,3,5,6,5,5,6,6,5,6,4,2,6,6,5,6,6,5,6,1997,1,0,1,0,0,0,0,5,3,3,1,17,8
1,2,4,5,5,2,7,4,7,7,7,7,2,7,-99,-99,7,3,7,5,2,6,2,7,5,1,7,7,7,7,1,7,7,7,1,7,3,1,5,4,2,4,6,1,1,1,4,3,2,1,2,6,6,6,6,6,6,6,6,6,6,7,7,7,7,7,7,-99,-99, , , , ,0,0,129.84,0,1,0,0,0,0,0,1,1,4, , , , , ,2,5,3,4,6,6,2,7,7,7,5,4,4,1,3,1,4,4,7,6,6,6,6,6,6,3,6,6,5,5,6,2,6,6,4,6,6,6,6,6,2,2,6,6,6,6,6,6,6,2000,2,1,0,0,0,0,0,4,5,5,2,12,2
1,3,3,6,3,4,3,5,2,4,5,6,1,2,-99,-99,3,4,4,5,3,3,5,4,4,3,4,5,6,6,4,5,5,6,3,5,4,2,4,5,3,3,5,-99,1,1,4,1,4,1,4,5,5,4,6,6,2,5,5,4,4,4,3,2,3,1,5,-99,-99, , , , ,0,0,130.575,0,1,0,0,0,0,0,0,0,7, , , , , , , ,5,4,5,4,5,5,5,5,4,4,1,1,3,1,3,3,4,4,3,3,2,1,1,4,2,2,3,4,2,1,6,7,5,6,5,5,6,4,1,1,4,6,4,6,4,5,5,1999,2,1,0,0,0,0,0,5,3,4,2,14,3
1,5,7,7,3,3,6,5,7,6,7,7,1,4,-99,-99,3,3,7,7,2,6,7,7,5,1,6,6,6,6,1,7,7,6,1,6,1,2,5,6,3,3,7,3,2,1,4,1,9,1,3,7,7,7,6,5,1,3,3,3,5,5,4,4,3,2,6,-99,-99, , , , ,0,0,134.168,0,1,0,1,0,0,0,0,0,5, ,6, , , , , ,1,1,1,1,6,4,4,4,2,1,1,1,1,1,1,1,2,3,1,1,2,1,2,1,2,2,4,5,5,5,5,5,4,5,5,5,5,5,3,5,5,3,2,5,6,4,6,1998,2,1,0,0,0,0,0,1,6,6,2,15,5
1,6,1,6,4,5,2,1,7,7,7,7,1,7,-99,-99,5,4,1,2,1,1,4,5,3,1,7,7,7,7,1,7,7,7,2,7,1,1,4,1,3,2,7,1,1,1,1,1,2,1,2,7,7,7,7,7,2,6,5,5,7,5,6,1,1,1,7,-99,-99,0,0,161.007,0, , , , ,1,1,1,1,0,0,0,0,7,7,7,7, , , , ,7,7,7,7,1,7,7,7,7,5,6,7,6,1,7,7,7,7,4,4,2,5,2,1,1,3,2,5,1,1,7,7,4,7,7,7,7,7,1,1,7,4,5,4,7,4,7,1999,2,1,0,0,0,0,0,6,3,3,3,14,2
1,7,7,7,7,7,6,6,7,7,7,7,1,1,-99,-99,5,5,4,4,3,6,5,3,3,1,7,7,7,7,1,7,5,6,4,6,1,3,5,6,2,1,7,2,1,1,3,1,9,1,4,5,7,4,6,6,4,3,6,1,4,1,1,1,1,1,1,1,-99, , , , ,0,0,141.454,0,1,1,1,0,0,0,0,0,4,5,7, , , , , ,6,6,6,5,2,5,4,4,6,2,3,2,3,1,2,4,4,5,4,4,5,5,4,5,4,4,2,3,4,4,5,5,5,5,5,5,5,5,2,2,6,4,6,6,6,6,6,1998,2,1,0,0,0,0,0,7,6,4,2,15,5
1,3,6,5,3,1,6,4,5,3,1,2,7,7,-99,-99,5,1,5,3,6,1,3,3,2,1,7,7,7,7,1,7,7,7,1,7,1,1,5,5,2,4,5,4,1,1,4,1,4,4,3,7,7,7,6,5,1,4,4,1,3,3,4,1,1,5,6,-99,-99,0,0,152.826,0, , , , ,1,1,1,1,0,0,0,0,7,7,4,7, , , , ,5,5,5,5,3,6,6,6,6,4,4,2,2,2,5,5,4,6,4,4,2,2,4,2,2,4,2,2,2,5,6,6,6,6,6,4,6,6,2,1,7,4,7,7,7,7,7,1997,1,0,1,0,0,0,0,1,4,4,7,17,7
1,6,3,5,6,5,3,5,3,7,6,4,1,4,-99,-99,7,5,6,5,3,1,1,1,1,1,5,5,4,5,4,6,6,7,6,6,6,5,3,5,4,1,7,1,1,1,2,1,4,3,4,3,5,4,3,4,1,1,2,1,2,1,1,1,1,1,1,-99,-99,2.511,11.612,147.675,4, , , , ,1,1,1,1,0,0,0,0,7,7,7,7, , , , ,2,2,6,4,5,6,5,6,3,2,2,2,1,2,2,2,2,4,1,1,1,1,1,1,1,1,1,1,1,1,4,6,5,5,5,2,4,4,2,4,6,3,3,5,6,5,5,1999,1,1,0,0,0,0,0,1,2,1,1,13,1
1,2,5,3,3,6,5,5,7,7,7,7,1,4,-99,-99,1,6,5,5,7,7,1,5,1,1,7,7,7,7,1,7,5,6,1,6,1,3,1,3,4,4,5,5,1,1,9,1,9,1,4,4,6,5,3,3,1,5,5,1,4,3,3,3,2,1,4,-99,-99,0,0,133.925,0, , , , ,1,1,1,1,0,0,0,0,7,7,6,6, , , , ,4,4,4,5,3,3,3,4,5,2,1,2,1,1,1,4,1,1,1,1,1,1,1,1,1,1,1,1,1,5,3,3,2,2,6,6,5,5,6,5,6,3,4,4,6,5,6,2000,2,1,0,0,0,0,0,7,5,5,9,14,2
1,5,5,6,4,4,5,3,5,4,7,5,1,7,-99,-99,5,4,5,5,7,5,6,5,4,3,5,7,6,6,1,7,7,7,2,7,1,2,6,5,4,1,7,1,1,2,4,4,2,3,2,7,7,7,7,7,3,3,5,5,5,6,5,5,4,2,6,-99,-99,0,0,146.994,0, , , , ,1,1,0,0,0,0,0,0,6,7, , , , , , ,6,7,6,6,1,5,6,4,7,5,5,5,3,3,2,4,2,5,5,6,5,6,6,5,5,5,3,5,3,3,7,6,5,6,6,6,6,6,2,1,6,6,6,5,6,6,6,1998,2,1,0,0,0,0,0,1,4,2,1,16,2
1,3,1,3,3,3,2,1,6,7,7,7,1,6,-99,-99,2,2,1,1,2,4,1,4,3,1,7,7,7,7,1,7,6,7,4,6,1,2,3,3,2,4,3,2,1,1,2,1,2,1,2,7,7,7,6,4,2,2,4,2,2,2,2,2,2,2,3,-99,-99, , , , ,0,0,205.811,0,1,1,0,0,0,0,0,1,7,7, , , , , ,7,6,6,6,6,1,5,5,5,7,7,7,7,6,3,7,7,5,6,4,3,2,2,2,2,2,2,3,3,3,5,7,7,7,7,5,7,7,7,3,1,7,4,7,7,7,7,7,1999,2,1,0,0,0,0,0,7,6,6,2,13,2
1,5,2,6,5,3,3,5,7,7,7,7,7,5,-99,-99,5,4,5,3,3,4,5,2,3,1,7,7,7,5,2,6,7,6,4,7,1,6,5,5,2,1,7,2,1,1,3,1,9,1,9,5,7,7,7,7,3,3,4,3,3,6,6,5,4,3,6,-99,-99,0,0,173.065,0, , , , ,1,0,0,1,0,0,0,1,7, , ,1, , , ,7,4,4,4,3,4,3,4,4,4,3,3,3,3,4,4,3,3,3,3,3,3,3,3,3,4,3,3,3,3,3,4,3,4,4,4,3,4,4,3,3,5,6,5,5,5,6,5,1996,1,1,0,0,0,0,0,1,4,1,1,15,2
1,5,5,4,4,3,4,3,6,4,7,7,5,5,3,-99,4,4,3,3,3,4,3,4,3,3,6,4,6,4,3,6,4,4,3,4,3,2,3,3,4,3,4,3,2,3,2,2,2,3,1,4,4,4,4,4,3,4,4,2,2,3,3,3,3,3,4,3,-99,113.526,113.526,138.619,1, , , , ,1,1,1,0,0,0,1,0,4,4,7, , , ,6, ,4,4,3,5,4,4,4,4,6,5,4,4,5,4,5,5,4,5,4,5,4,5,3,3,4,3,3,3,3,4,5,4,4,4,4,4,3,4,2,4,6,4,6,5,5,5,5,1997,1,1,0,0,0,0,0,6,6,6,2,15,3
1,2,3,5,2,3,5,3,2,1,7,7,1,3,-99,-99,2,2,2,3,4,6,6,7,1,1,7,7,7,7,2,7,7,7,1,7,1,2,3,7,1,2,7,2,1,2,2,2,9,3,1,7,5,7,6,7,3,3,7,3,4,1,1,2,6,1,1,-99,-99, , , , ,0,0,234.038,0,1,1,0,1,0,1,1,1,7,7, ,7, ,7,7,6,3,5,5,5,5,7,6,7,7,6,4,7,4,6,7,7,4,5,5,5,5,6,4,5,5,6,3,5,5,3,6,6,7,7,5,7,4,6,3,3,6,6,5,6,5,5,6,1995,2,1,0,0,0,0,0,7,6,7,2,19,4
1,3,5,5,5,4,6,5,2,1,5,5,1,6,1,-99,2,2,3,3,2,2,5,5,4,5,5,5,6,7,2,6,5,3,5,6,4,7,2,3,3,5,5,2,1,1,3,1,9,1,9,3,6,5,5,6,2,2,3,2,3,1,1,1,1,1,4,1,-99,0,0,137.746,0, , , , ,1,1,1,0,0,0,0,0,7,7,7, , , , , ,6,6,5,6,2,3,3,4,6,3,2,1,1,2,2,4,2,2,2,1,2,1,1,1,2,1,2,2,2,5,5,5,5,5,3,4,4,3,2,3,6,2,3,3,5,3,5,1997,1,1,0,0,0,0,0,4,5,6,2,17,3
1,6,6,6,7,3,5,6,3,3,6,7,5,3,-99,-99,6,1,4,6,1,3,7,1,1,1,7,7,7,7,3,6,7,7,5,7,3,1,3,6,1,1,7,2,1,2,9,3,9,3,4,4,7,4,4,6,2,5,3,1,2,1,5,2,1,6,6,-99,-99, , , , ,0,0,131.714,0,1,0,1,0,0,0,0,0,5, ,7, , , , , ,6,6,6,6,1,6,6,6,7,2,4,3,2,2,2,6,2,5,6,5,6,3,3,5,4,5,2,3,4,5,6,7,6,7,7,7,7,7,2,2,6,4,6,6,7,7,6,1998,2,0,1,0,0,0,0,6,6,3,7,15,2
1,3,3,5,2,2,3,3,2,1,7,4,2,7,-99,-99,3,2,2,2,2,2,2,2,2,2,5,6,6,6,1,6,5,7,2,5,2,4,3,4,2,2,4,2,1,2,2,1,2,3,2,5,7,5,6,6,3,2,2,3,2,4,2,2,2,2,4,-99,-99, , , , ,0,0,174.22,0,1,1,0,0,0,1,0,0,5,5, , , ,7, , ,6,7,6,7,2,6,6,6,6,4,4,5,5,3,5,5,5,5,5,5,5,5,5,5,5,5,4,3,4,2,5,5,5,5,4,5,5,5,3,2,5,5,5,5,5,5,5,1998,2,0,1,0,0,0,0,4,4,3,7,12,3
1,5,1,1,4,4,1,1,2,5,7,7,5,2,-99,-99,5,5,1,1,1,5,1,7,1,1,4,6,6,6,2,5,3,3,4,2,5,3,2,2,6,6,2,6,1,4,3,1,1,1,1,5,5,6,2,2,2,5,2,3,3,1,1,1,1,1,1,1,-99, , , , ,0,0,165.082,0,1,1,0,0,0,0,1,0,3,5, , , , ,3, ,5,4,3,3,2,3,3,5,3,2,2,2,2,2,2,2,2,2,2,2,2,2,2,2,2,2,2,2,2,2,4,5,4,5,4,5,5,5,2,2,5,3,4,4,4,5,5,1999,2,1,0,0,0,0,0,7,7,7,2,13,2
1,4,1,2,1,3,2,3,3,1,7,6,1,6,-99,-99,2,2,3,3,5,6,3,2,1,1,6,7,6,6,2,6,6,6,1,7,1,1,1,1,4,5,4,2,2,2,9,4,3,4,4,6,6,4,5,6,1,6,4,2,7,4,1,2,1,3,6,-99,-99, , , , ,73.72,97.699,147.19,2,1,0,0,0,0,0,0,0,7, , , , , , , ,4,4,5,4,1,5,7,5,5,3,3,3,2,1,1,6,4,6,5,4,5,4,3,2,3,4,2,5,2,3,6,6,6,5,6,7,5,6,3,2,7,4,5,6,7,6,6,1998,1,1,0,0,0,0,0,1,5,4,2,16,2
1,7,7,7,7,7,7,7,7,3,6,-99,4,5,3,-99,4,3,6,5,6,7,6,5,-99,4,7,5,6,3,6,5,5,5,4,6,6,4,5,5,7,5,6,6,9,3,4,9,3,4,4,7,4,5,5,6,4,5,5,5,6,6,4,4,5,4,5,5,-99,0,0,242.626,0, , , , ,1,1,0,1,0,1,1,0,5,4, ,4, ,-99,5, ,5,4,4,6,5,5,5,6,4,6,4,6,6,4,5,4,6,7,4,4,5,5,4,4,5,4,5,5,5,5,5,7,5,6,5,7,6,6,6,6,6,6,7,7,6,7,7,1999,2,1,0,0,0,0,0,4,4,5,2,13,2
1,3,6,5,4,2,2,2,6,6,7,7,3,3,-99,-99,4,3,3,3,3,4,2,3,2,2,5,5,6,5,3,6,5,5,3,6,3,3,3,4,3,3,5,3,1,2,9,3,9,2,2,6,6,4,5,5,2,5,3,2,2,3,3,3,3,3,3,3,-99,0,0,165.036,0, , , , ,0,0,0,0,0,1,1,1, , , , , ,3,4,5,3,3,3,3,4,5,4,4,4,5,4,4,4,4,4,3,4,3,3,3,3,3,3,3,3,3,2,3,2,5,4,4,3,4,4,4,4,4,3,3,5,4,5,5,4,4,5,1999,2,1,0,0,0,0,0,3,4,4,2,14,1
1,5,2,6,6,5,3,4,7,5,7,7,1,7,-99,-99,6,6,4,4,3,5,4,5,3,4,6,6,6,6,4,6,7,7,6,6,2,3,2,2,2,3,6,4,2,2,3,2,2,9,2,4,6,6,4,4,4,4,4,4,4,4,4,4,4,4,4,-99,-99, , , , ,0,0,139.086,0,1,1,0,1,0,0,0,0,7,7, ,5, , , , ,5,5,5,5,3,3,5,5,5,3,1,1,1,1,4,4,1,5,4,4,4,4,4,4,4,4,3,3,4,3,4,4,4,4,4,4,4,4,4,4,5,5,5,4,5,5,6,1999,2,1,0,0,0,0,0,7,6,2,9,14,4
1,7,7,7,7,7,6,5,7,7,7,7,1,7,-99,-99,7,7,6,5,7,7,6,7,7,4,7,7,7,7,1,7,7,7,7,4,1,6,6,6,6,2,6,2,1,1,4,2,2,4,4,7,7,4,7,5,1,1,5,1,4,2,3,2,4,1,4,-99,-99, , , , ,200.038,200.038,202.547,1,1,0,1,0,0,0,0,0,7, ,7, , , , , ,2,4,2,2,4,4,4,4,5,3,3,4,3,5,4,4,4,5,4,4,4,4,4,4,4,4,5,5,4,4,4,4,4,4,4,4,4,5,5,4,4,4,4,4,4,4,4,2000,2,1,0,0,0,0,0,6,2,2,1,13,3
1,4,7,5,5,5,7,7,3,1,7,6,3,7,-99,-99,4,4,7,6,2,1,2,2,2,1,7,7,7,7,4,7,7,7,1,7,2,1,6,7,1,1,7,1,1,1,4,9,9,4,1,7,7,7,7,7,3,5,5,4,4,4,2,2,2,2,4,-99,-99, , , , ,7.151,230.04,231.305,3,1,0,0,0,0,0,0,0,7, , , , , , , ,1,1,6,4,5,6,7,6,2,1,1,1,1,1,1,3,5,5,4,4,4,4,2,4,1,4,4,5,5,1,7,7,7,7,7,7,7,7,1,1,5,5,4,5,5,4,5,1996,1,0,1,0,0,0,0,2,3,4,1,16,4
1,3,5,5,5,3,5,5,2,2,5,7,2,3,-99,-99,2,2,5,2,1,6,3,2,1,1,7,7,7,6,1,7,4,4,5,4,2,4,2,4,1,2,5,5,1,1,9,1,9,2,4,7,7,4,7,6,2,1,7,3,2,1,2,1,4,1,5,-99,-99,43.115,90.729,1480.936,4, , , , ,1,1,0,1,0,0,0,0,3,7, ,7, , , , ,6,6,7,6,2,5,6,6,6,3,5,5,1,1,4,5,4,5,5,4,5,5,4,5,4,4,2,3,1,5,5,6,6,6,5,5,5,6,2,2,6,4,4,5,6,4,6,1996,1,1,0,0,0,0,0,1,4,3,3,17,3
1,6,6,7,5,5,6,6,4,5,7,3,1,6,-99,-99,3,4,5,5,3,3,4,4,4,2,3,7,7,3,1,7,5,7,4,7,1,2,4,5,1,1,7,4,1,2,9,4,9,4,2,5,7,4,5,4,2,3,4,1,5,1,1,1,1,1,4,-99,-99,54.032,54.032,137.997,1, , , , ,1,1,1,0,0,0,0,0,4,5,7, , , , , ,7,7,7,7,1,6,6,4,7,6,6,5,5,2,5,6,3,4,5,5,4,5,4,5,5,4,4,4,4,4,6,6,6,6,5,6,5,6,4,2,6,2,5,4,6,3,6,1999,2,1,0,0,0,0,0,2,3,1,1,14,2
1,6,3,2,5,6,4,2,7,3,7,7,1,3,-99,-99,4,6,3,3,5,3,2,4,1,1,5,7,7,7,2,6,7,7,1,7,1,1,3,2,5,4,2,3,1,1,9,1,9,1,3,7,7,5,5,4,5,6,3,2,5,3,5,1,1,1,4,-99,-99,23.154,198.254,200.785,11, , , , ,1,1,1,0,0,0,0,0,5,5,7, , , , , ,5,5,5,4,4,5,5,5,4,2,3,1,1,1,4,4,3,3,5,5,4,1,1,1,1,4,2,3,4,3,5,5,5,5,3,4,4,4,3,5,4,3,5,5,5,4,5,1997,2,1,0,0,0,0,0,5,6,6,2,14,4
1,7,2,5,7,7,4,3,5,1,6,6,1,3,-99,-99,7,6,1,3,2,2,5,5,5,1,6,6,6,4,1,6,3,7,1,7,1,1,7,1,3,1,7,1,9,2,9,9,2,4,4,7,7,7,6,6,6,4,7,2,6,1,1,1,3,3,3,-99,-99, , , , ,0,0,179.795,0,1,0,1,0,0,0,0,1,7, ,7, , , , ,3,7,6,7,7,1,3,6,6,7,2,2,4,4,3,4,5,2,6,7,4,5,5,5,3,3,5,3,3,3,6,6,6,5,6,6,6,6,6,5,2,5,3,5,6,6,6,6,1999,2,1,0,0,0,0,0,4,6,3,1,15,2
1,3,5,5,2,2,5,4,3,1,5,1,6,5,-99,-99,2,1,2,2,2,2,4,3,5,5,4,5,6,5,5,5,4,5,4,4,2,5,3,5,2,2,5,3,1,1,4,3,4,1,2,4,5,4,5,6,2,4,4,2,3,2,2,2,2,5,4,-99,-99,0,0,162.752,0, , , , ,1,1,1,0,0,0,0,0,6,7,4, , , , , ,6,5,6,5,5,3,5,3,6,2,3,2,1,1,1,5,1,3,1,2,3,2,2,1,2,2,4,5,3,2,6,6,6,6,6,6,6,5,3,2,5,5,5,5,5,6,6,1997,1,0,1,0,0,0,0,7,4,2,7,16,4
1,7,2,5,7,6,5,1,4,6,5,7,7,6,-99,-99,7,6,2,1,1,4,1,2,1,1,4,6,6,7,2,6,5,7,4,7,1,2,5,1,1,4,6,2,1,1,3,1,2,2,1,7,7,6,7,5,2,2,7,3,2,2,4,3,1,7,7,-99,-99, , , , ,0,0,143.259,0,1,1,0,1,0,0,0,1,4,5, ,5, , , ,4,2,2,2,2,6,4,6,5,2,1,1,1,1,1,1,1,4,4,5,5,1,1,1,1,1,1,2,2,1,7,6,5,6,6,6,6,6,6,2,5,7,3,5,2,6,4,7,1999,1,1,0,0,0,0,0,3,6,4,2,13,0
1,4,5,5,3,2,4,4,7,1,7,7,1,2,-99,-99,2,2,4,4,3,7,2,7,4,3,7,7,7,7,2,7,7,6,4,7,2,2,2,4,2,2,7,2,1,1,3,1,9,4,3,6,7,6,7,7,2,3,3,4,5,5,3,3,4,4,2,-99,-99,0,0,134.482,0, , , , ,1,1,0,1,0,0,0,0,5,7, ,7, , , , ,7,7,6,7,1,7,6,7,7,7,7,7,7,4,7,7,7,7,6,6,4,6,6,5,5,6,4,3,2,2,7,7,7,7,7,7,7,7,5,1,7,4,7,5,7,6,7,1998,2,1,0,0,0,0,0,2,5,2,1,14,2
1,7,1,1,7,7,2,1,7,6,7,6,1,4,-99,-99,6,7,1,1,1,1,1,7,7,1,7,7,7,7,4,7,7,7,6,7,2,5,1,1,1,1,1,3,1,1,9,9,2,2,2,1,1,1,4,3,3,2,3,2,5,1,1,1,1,1,1,-99,-99, , , , ,0,0,160.255,0,1,0,0,1,0,0,1,1,7, , ,5, , ,3,4,2,1,1,1,3,2,5,4,1,1,1,1,1,1,1,1,2,1,3,3,1,1,1,1,1,1,1,1,3,4,1,4,1,2,6,5,5,5,3,2,5,3,3,5,3,3,3,2000,2,1,0,0,0,0,0,7,5,1,1,13,2
1,7,1,7,6,5,1,1,4,1,7,1,1,5,-99,-99,5,6,1,1,1,1,1,1,1,1,6,7,7,7,1,7,6,7,1,6,2,1,1,1,1,1,1,1,1,1,4,1,3,1,4,5,3,4,3,4,2,5,3,2,2,2,1,2,1,1,3,-99,-99,0,0,134.348,0, , , , ,1,1,1,1,0,0,0,0,7,7,3,7, , , , ,7,7,7,6,1,5,6,4,7,4,3,5,4,2,7,6,2,1,1,1,1,1,1,1,1,1,1,1,1,7,5,7,7,7,4,6,5,7,1,1,7,4,7,7,7,7,7,1999,2,1,0,0,0,0,0,7,5,5,2,13,2
1,6,5,2,5,5,5,4,7,7,7,7,1,5,-99,-99,5,5,5,4,6,5,3,7,7,1,7,7,7,7,1,7,7,7,1,7,3,3,4,4,1,1,4,1,1,1,4,1,9,9,9,7,7,5,6,7,1,2,6,1,5,2,2,1,1,2,2,-99,-99,0,0,308.776,0, , , , ,1,1,0,0,0,0,0,0,6,7, , , , , , ,5,4,5,5,6,4,5,6,5,2,4,4,1,1,4,5,5,6,1,1,1,1,1,1,1,1,1,1,1,7,7,7,7,7,6,7,7,6,1,2,7,4,5,5,7,6,7,1998,2,1,0,0,0,0,0,5,7,7,2,14,5
1,2,5,3,5,3,5,6,2,2,3,3,2,3,-99,-99,2,6,1,5,1,1,5,1,1,4,3,5,5,5,1,4,5,5,2,4,6,3,4,4,3,4,5,3,1,1,4,1,4,9,4,5,4,4,5,5,1,2,5,1,5,1,1,1,1,1,1,-99,-99,0,0,138.122,0, , , , ,1,1,0,1,0,0,0,0,5,7, ,3, , , , ,6,6,7,6,1,6,6,6,6,4,4,4,4,1,4,5,2,3,1,1,1,5,1,1,1,1,1,1,1,6,5,5,5,5,3,5,5,5,1,1,5,4,5,4,5,5,5,1997,1,1,0,0,0,0,0,3,5,4,3,15,2
1,4,4,4,4,3,2,2,6,7,7,7,2,6,-99,-99,4,3,4,4,3,5,4,5,3,1,7,7,7,7,1,7,5,6,6,6,3,4,6,3,2,2,5,2,1,1,3,4,3,3,4,6,6,6,6,4,2,4,2,5,5,3,3,2,3,2,4,-99,-99,0,0,1945.933,0, , , , ,1,1,1,0,0,0,0,0,6,6,6, , , , , ,6,6,6,6,2,4,6,5,6,1,2,1,1,1,2,4,4,3,3,3,3,1,3,1,2,2,3,3,3,3,6,6,5,6,5,4,5,5,1,2,3,3,3,5,3,4,4,1998,2,1,0,0,0,0,0,3,5,3,7,14,2
1,3,6,7,2,1,5,5,3,7,7,6,5,7,-99,-99,2,2,5,4,2,1,5,7,7,5,4,7,7,7,1,7,6,6,5,6,4,2,4,4,4,4,4,4,1,1,9,9,2,9,2,4,4,4,4,5,4,5,5,5,3,2,6,2,3,7,7,-99,-99, , , , ,0,0,133.835,0,1,1,0,0,1,1,0,1,4,2, , ,7,2, ,3,6,4,5,5,2,4,6,4,3,3,2,4,4,2,4,3,5,4,6,6,6,3,6,5,6,6,3,3,2,4,5,6,5,6,5,6,6,6,4,4,6,5,7,7,7,6,7,1998,2,1,0,0,0,0,0,4,3,3,9,15,4
1,6,3,5,4,5,2,2,7,7,7,7,3,5,-99,-99,4,4,2,2,3,4,2,5,1,1,6,5,7,7,1,5,7,7,3,7,3,2,3,4,5,3,6,2,2,2,2,2,2,9,2,5,6,5,6,7,3,2,5,3,4,4,3,4,3,4,5,-99,-99, , , , ,0,0,151.676,0,0,1,0,1,0,1,1,0, ,4, ,4, ,4,4, ,3,3,4,3,4,5,7,5,3,3,1,3,1,1,3,3,3,3,3,4,3,3,3,2,3,3,2,2,2,4,5,6,4,5,4,5,5,5,4,2,6,4,5,5,6,5,6,1998,2,1,0,0,0,0,0,3,6,3,2,14,2
1,4,4,4,4,4,4,4,1,5,5,5,5,5,5,-99,4,4,4,4,4,4,4,4,4,4,4,4,4,5,4,4,4,4,4,4,4,4,4,4,4,4,4,4,3,3,3,3,3,3,3,4,4,4,4,4,4,4,4,4,4,4,4,4,4,4,4,4,-99, , , , ,0,0,283.601,0,1,0,1,1,0,0,0,0,3, ,3,4, , , , ,4,4,4,4,4,4,4,4,4,4,4,4,4,4,4,4,4,4,4,4,4,4,4,4,4,4,4,4,4,4,4,4,4,4,4,4,4,4,4,4,4,4,4,4,4,4,4,1997,1,1,0,0,0,0,0,3,4,4,2,16,4
1,6,5,5,5,5,4,4,5,7,5,4,4,5,-99,-99,7,7,6,5,1,4,4,5,7,3,7,7,7,7,1,7,6,6,2,6,2,2,4,4,2,1,5,3,1,1,4,1,4,9,4,7,7,5,6,5,1,4,5,3,3,4,5,4,4,5,4,-99,-99,0,0,135.601,0, , , , ,1,1,0,1,0,0,0,0,7,7, ,7, , , , ,7,7,6,7,1,6,6,6,7,5,5,6,5,4,5,6,4,5,4,4,4,6,3,5,4,3,3,3,2,6,6,6,6,6,6,6,5,5,1,1,6,4,4,4,6,5,5,1996,1,1,0,0,0,0,0,4,2,1,1,16,4
1,5,4,5,5,5,5,4,2,4,3,3,1,6,-99,-99,6,5,4,3,4,3,3,6,3,3,6,6,6,6,2,6,5,5,5,5,2,3,3,3,3,3,3,3,2,1,9,9,9,9,9,6,6,6,4,4,3,2,4,3,3,3,3,1,2,3,-99,-99,-99, , , , ,0,0,176.801,0,1,0,0,0,0,0,0,0,4, , , , , , , ,1,1,1,1,7,1,4,1,1,1,1,1,1,3,1,1,3,3,2,2,2,2,2,2,2,2,1,1,1,2,4,2,3,3,4,3,5,5,5,5,5,5,5,5,6,5,6,1996,1,1,0,0,0,0,0,2,5,5,3,5,3
1,5,2,3,7,4,3,2,5,4,7,7,1,7,-99,-99,6,6,1,1,7,1,2,5,1,1,7,7,7,7,1,7,5,7,3,3,2,7,5,3,4,1,5,1,1,2,4,4,2,3,4,6,6,6,7,2,1,2,2,2,4,1,1,1,1,1,2,-99,-99, , , , ,0,0,140.597,0,1,0,1,0,0,0,0,0,5, ,7, , , , , ,3,3,6,3,4,5,6,5,4,3,1,2,2,1,1,3,2,2,2,2,2,1,2,2,2,2,1,3,2,4,6,6,5,7,7,7,6,6,1,1,6,3,6,6,7,5,6,2000,2,1,0,0,0,0,0,5,3,2,1,14,2
1,5,2,4,5,5,2,3,4,6,6,7,1,2,-99,-99,5,2,1,5,2,5,2,3,5,1,4,6,6,7,3,5,5,1,4,3,5,2,4,4,2,3,6,3,2,2,9,2,9,2,1,3,6,5,6,6,2,5,2,3,5,2,2,2,1,1,3,-99,-99,0,0,179.079,0, , , , ,1,1,1,0,0,0,0,0,5,7,7, , , , , ,6,6,3,5,2,5,7,4,5,5,4,5,2,2,6,6,4,4,3,4,4,1,3,3,3,3,4,2,3,3,5,6,5,5,6,4,4,5,3,2,7,3,2,5,7,3,5,1999,2,1,0,0,0,0,0,6,6,4,2,13,2
1,6,4,6,6,4,6,5,6,6,3,5,1,7,4,linkedin,5,2,6,2,4,5,5,5,3,4,4,5,3,3,4,6,5,4,5,4,3,4,4,3,4,4,3,5,4,3,2,2,4,3,3,6,4,5,3,5,3,4,4,3,4,6,6,3,2,6,6,4,linkedin, , , , ,0,0,206.529,0,1,1,0,0,1,0,0,0,5,4, , ,6, , , ,2,5,5,3,3,3,5,3,4,4,3,3,2,3,2,2,2,2,2,4,3,3,4,5,2,3,3,2,4,4,4,3,4,4,4,4,3,4,3,3,3,4,5,3,3,5,6,1998,1,0,1,0,0,0,0,5,4,3,1,16,3
1,7,6,7,5,6,3,5,4,7,3,5,1,2,-99,-99,5,5,3,5,2,1,4,3,2,1,6,5,5,5,1,7,7,7,5,6,2,5,5,6,1,2,7,3,1,1,2,1,9,4,2,7,5,6,7,5,2,6,1,4,3,5,5,5,5,4,6,-99,-99,0,0,3746.949,0, , , , ,1,1,1,1,0,0,0,0,6,7,7,7, , , , ,7,7,7,7,2,6,6,7,6,5,6,7,3,3,7,7,6,7,2,3,3,5,4,4,5,3,4,6,5,2,7,5,4,5,6,7,7,7,3,1,6,7,6,6,5,7,6,1997,1,1,0,0,0,0,0,1,1,1,1,16,1
1,6,2,4,5,3,3,2,7,2,7,6,1,7,-99,-99,7,7,5,2,1,5,4,1,1,1,4,7,7,6,1,7,2,6,7,6,4,3,1,2,1,2,2,1,3,2,4,2,4,1,3,7,7,7,6,5,2,2,4,3,5,4,1,1,2,1,6,-99,-99,0,0,142.443,0, , , , ,1,1,1,0,0,0,0,0,7,7,7, , , , , ,6,6,6,6,1,4,4,5,6,6,6,6,5,1,6,6,4,6,5,5,7,7,5,4,2,4,5,2,3,3,7,7,7,7,5,5,5,6,1,1,7,4,7,7,7,7,7,1997,2,1,0,0,0,0,0,7,6,6,2,16,2
1,6,2,4,6,6,5,2,3,1,7,7,1,7,1,-99,5,5,5,2,2,2,4,7,6,4,6,4,4,6,3,4,4,4,4,4,4,4,4,4,4,4,4,4,3,3,3,3,3,-99,3,4,4,4,4,4,4,4,4,4,4,4,4,4,4,4,4,4,-99,0,0,139.614,0, , , , ,0,0,0,0,0,1,0,0, , , , , ,1, , ,1,1,1,1,7,4,4,4,1,1,1,1,1,1,1,1,1,3,3,3,3,3,3,3,3,3,3,1,1,7,3,3,3,3,3,3,3,5,3,3,4,4,4,4,4,4,4,1998,1,1,0,0,0,0,0,6,6,4,2,14,8
1,1,2,4,2,2,4,4,7,1,7,1,4,7,-99,-99,1,1,5,4,1,5,2,4,1,1,7,7,7,7,1,7,7,7,1,7,1,1,7,7,2,4,7,2,2,2,9,9,9,3,2,6,6,4,4,4,1,1,1,4,2,3,3,3,3,3,3,-99,-99, , , , ,42.163,45.387,173.807,2,1,1,0,0,1,0,1,1,4,5, , ,2, ,-99,7,6,6,6,6,3,4,6,5,6,6,6,6,1,1,4,6,4,6,5,1,1,6,1,1,1,5,2,2,2,6,6,6,6,6,6,6,6,6,1,1,6,6,6,6,6,6,6,1998,2,0,1,0,0,0,0,5,2,2,3,14,2
1,4,1,3,4,6,5,4,5,2,7,7,4,7,6,-99,6,3,4,7,3,4,3,5,1,2,3,5,2,7,4,4,3,2,7,5,3,6,3,3,2,1,2,6,3,4,1,3,2,9,3,4,2,3,3,6,5,5,2,5,4,7,1,7,4,2,6,6,-99,7.838,137.981,138.923,4, , , , ,1,1,0,0,0,1,1,0,5,4, , , ,3,4, ,5,6,7,5,7,7,6,4,7,1,1,1,1,1,1,1,1,1,6,2,2,5,3,4,3,3,5,5,4,6,6,6,2,6,6,5,5,4,5,3,7,6,5,5,4,6,6,1996,1,0,1,0,0,0,0,4,6,4,3,12,4
1,5,4,3,6,4,5,4,4,1,6,5,3,5,-99,-99,5,3,5,3,2,3,2,2,5,2,7,6,6,5,2,7,6,6,3,6,2,6,4,5,3,4,5,5,1,1,4,1,3,1,2,5,5,5,6,6,3,3,5,3,4,3,3,3,3,2,3,-99,-99, , , , ,0,0,136.206,0,1,0,1,0,0,0,0,1,7, ,4, , , , ,4,3,2,3,2,6,4,4,4,2,4,2,2,2,2,2,2,4,4,5,2,2,2,4,3,2,3,4,5,4,3,5,5,5,5,4,5,4,5,4,5,5,3,5,4,5,5,5,1997,1,1,0,0,0,0,0,2,5,5,7,15,3
1,3,4,7,2,2,2,2,1,1,7,7,1,7,-99,-99,5,2,2,2,6,6,5,6,2,1,7,7,7,7,2,6,7,7,5,5,4,1,5,6,3,5,6,4,1,2,4,4,9,1,2,6,7,4,6,7,5,3,4,2,6,2,2,2,2,2,2,-99,-99, , , , ,10.203,176.068,177.232,2,1,0,1,0,0,0,0,0,1, ,7, , , , , ,4,4,5,5,3,6,6,7,5,4,4,4,4,3,5,5,3,5,5,2,5,2,2,2,2,2,2,3,2,2,6,6,6,6,6,6,6,6,1,2,5,4,5,4,5,4,4,1999,2,1,1,0,0,0,0,1,4,3,2,14,2
1,5,3,3,4,5,3,2,4,4,6,6,1,3,-99,-99,4,5,5,2,2,6,2,5,3,2,6,6,6,6,5,5,6,6,6,6,2,3,4,4,4,3,6,3,2,3,4,2,2,2,2,6,6,6,5,5,5,5,5,5,5,4,4,4,3,5,4,-99,-99,0,0,134.187,0, , , , ,1,1,0,0,1,0,1,0,7,7, , ,5, ,4, ,5,5,6,5,4,5,4,4,5,2,2,2,2,2,2,2,2,2,3,3,4,3,3,3,3,3,3,3,3,4,5,3,3,5,3,5,3,4,5,5,6,3,6,6,6,6,6,1998,2,1,0,0,0,0,0,7,6,6,2,15,8
1,3,5,5,4,2,5,5,7,2,7,7,1,2,-99,-99,5,3,5,5,2,1,3,5,1,1,7,7,7,7,1,7,6,6,2,7,1,2,3,6,4,2,7,1,1,1,9,2,9,4,3,5,6,6,6,6,2,3,6,4,5,4,4,4,4,4,4,-99,-99, , , , ,0,0,3620.832,0,1,0,1,0,1,0,0,0,4, ,5, ,3, , , ,4,4,6,3,5,4,3,4,5,1,1,1,1,1,2,2,2,1,2,2,1,1,1,1,2,2,2,2,2,2,4,3,3,4,3,3,3,4,4,5,5,1,2,2,5,5,5,1997,2,1,0,0,0,0,0,5,6,3,2,17,8
1,2,2,3,1,1,2,2,7,2,7,7,1,3,-99,-99,1,1,1,1,1,4,1,2,1,1,2,3,6,2,2,3,6,7,1,7,1,2,4,3,3,4,4,4,2,9,9,4,9,9,1,6,7,7,5,5,2,7,5,4,7,1,1,1,4,1,3,-99,-99, , , , ,0,0,150.234,0,1,0,1,0,0,0,0,0,6, ,7, , , , , ,1,1,3,1,6,4,4,4,1,1,1,1,1,1,1,1,1,2,1,1,1,1,1,1,1,1,1,1,1,7,3,3,3,4,5,6,5,5,5,5,5,3,5,6,5,5,5,1996,2,1,0,0,0,0,0,6,7,4,9,17,5
1,7,7,7,7,7,7,7,7,7,1,7,7,7,-99,-99,7,7,7,7,7,7,7,7,7,1,7,7,7,7,7,7,7,7,5,4,7,7,3,7,7,2,7,7,9,9,9,3,2,9,2,2,2,2,7,4,5,3,7,4,7,7,7,7,7,-99,7,-99,-99,13.249,44.944,204.172,6, , , , ,1,1,0,0,0,0,1,0,7,1, , , , ,1, ,1,1,1,1,7,7,7,7,1,7,7,7,7,7,7,7,7,7,7,3,7,3,7,5,7,7,6,2,6,7,7,3,7,7,7,7,7,4,7,1,7,7,7,7,7,5,4,1997,1,1,0,0,0,0,0,3,5,4,2,15,4
1,4,4,5,5,5,7,6,7,1,7,7,6,6,1,-99,7,7,7,7,4,6,6,4,6,6,7,7,7,7,1,7,5,6,6,4,5,2,5,5,5,6,6,4,2,1,4,4,3,2,4,6,6,6,6,6,3,4,6,3,6,1,1,1,1,1,1,1,-99, , , , ,0,0,544.739,0,0,1,0,1,0,0,0,0, ,4, ,3, , , , ,6,4,4,5,5,4,5,4,7,7,6,6,7,7,6,7,6,7,6,7,6,6,6,7,7,7,7,7,6,6,7,6,7,6,7,6,7,7,7,6,7,6,7,7,7,6,6,1999,1,0,1,0,0,0,0,4,5,5,9,15,5
1,7,2,5,7,7,6,5,6,3,7,3,1,4,-99,-99,7,6,7,6,4,6,2,5,5,2,7,6,7,7,5,7,4,6,5,5,5,4,6,7,1,1,7,1,1,1,4,4,3,9,2,7,6,7,7,6,6,4,7,4,6,5,3,5,2,2,4,-99,-99,0,0,2257.73,0, , , , ,1,1,1,0,0,0,0,0,7,7,6, , , , , ,5,5,6,6,2,7,6,7,6,5,2,6,2,3,4,6,6,7,6,6,6,6,6,5,5,6,5,5,4,2,7,6,6,6,6,7,7,7,1,2,7,6,7,6,7,4,7,1999,1,1,0,0,0,0,0,2,2,1,1,14,1
1,7,5,5,5,4,3,3,4,7,7,7,6,7,-99,-99,6,6,5,5,3,5,1,6,3,1,4,6,6,6,2,6,7,6,6,7,1,4,3,6,1,5,6,4,2,1,4,1,3,2,4,7,7,7,5,6,3,2,4,4,4,2,5,2,1,4,4,-99,-99, , , , ,0,0,130.631,0,1,0,0,0,0,0,0,0,5, , , , , , , ,7,7,6,7,1,6,7,5,6,5,5,6,4,3,5,6,3,5,5,5,4,5,2,2,2,5,2,4,3,5,7,7,7,6,7,7,5,6,4,3,7,4,7,4,7,6,7,2000,2,1,0,0,0,0,0,3,4,2,1,14,2
1,1,4,5,2,2,5,3,7,6,7,7,2,2,-99,-99,2,4,3,2,1,6,1,1,1,1,6,7,7,7,1,7,7,7,2,7,2,2,4,4,3,3,5,4,1,2,4,1,2,1,2,5,5,5,7,7,4,5,7,5,6,5,4,4,3,3,3,-99,-99,832.153,832.153,879.865,1, , , , ,0,1,0,0,0,0,0,1, ,7, , , , , ,5,6,5,5,5,3,5,4,5,6,3,2,2,3,2,2,4,3,1,5,4,4,2,2,3,3,3,2,2,2,6,6,6,6,6,4,4,4,5,2,4,5,4,4,4,4,5,6,1997,2,1,0,0,0,0,0,6,6,7,2,15,3
1,4,2,5,1,1,1,1,4,7,7,5,1,4,1,-99,1,2,2,1,1,1,1,7,5,1,7,7,7,7,1,6,2,2,6,6,6,6,4,4,5,4,5,4,1,1,9,9,9,9,3,6,6,6,4,-99,4,4,4,1,4,1,1,1,1,1,3,1,-99,0,0,175.728,0, , , , ,1,1,1,0,0,0,0,0,7,5,7, , , , , ,5,4,6,3,3,4,4,5,4,1,1,2,1,1,1,2,5,5,1,1,1,1,1,1,1,1,1,1,1,7,6,6,6,6,6,6,6,6,4,6,4,4,4,4,4,4,4,1998,2,1,0,0,0,0,0,2,3,3,8,15,1
1,6,6,6,3,3,3,3,7,7,7,7,4,7,-99,-99,6,3,3,3,4,5,1,4,5,5,7,7,7,7,1,7,4,6,7,5,4,4,5,6,1,1,7,1,1,1,4,1,3,9,3,7,7,7,7,7,4,7,7,4,5,1,7,4,5,2,6,-99,-99, , , , ,8.108,16.829,220.685,2,1,0,0,0,0,0,0,1,1, , , , , , ,4,4,4,4,4,4,4,4,4,4,4,4,4,4,4,4,4,4,4,4,4,4,4,4,4,4,4,4,4,4,4,4,4,4,4,4,4,4,4,4,4,4,4,4,4,4,4,4,1998,2,0,1,0,0,0,0,2,3,4,1,15,3
1,7,4,6,6,6,4,3,6,4,7,4,2,5,-99,-99,5,4,3,3,3,5,4,6,6,1,6,5,7,6,4,6,6,7,1,7,2,2,3,5,1,1,7,1,1,1,4,1,3,1,4,5,6,6,6,6,2,4,6,5,5,4,5,3,2,1,5,-99,-99, , , , ,0,0,132.394,0,1,0,0,0,0,1,0,0,7, , , , ,3, , ,5,4,5,5,3,6,6,7,5,6,6,6,3,2,6,6,4,6,6,5,4,4,5,5,4,5,5,5,3,2,6,6,5,6,5,6,4,7,2,4,6,4,7,6,6,5,7,1999,1,1,0,0,0,0,0,3,3,2,1,15,2
1,6,2,3,7,5,1,1,4,7,7,7,3,7,7,Pinterest,7,4,2,2,2,3,1,6,4,1,7,7,7,7,1,7,6,6,7,7,3,6,5,2,5,5,2,5,2,1,3,1,2,4,1,4,3,2,7,7,2,1,5,2,7,3,3,2,2,2,2,-99,-99,0,0,170.276,0, , , , ,1,1,0,0,0,0,0,1,4,7, , , , , ,-99,7,7,7,7,1,5,7,5,7,3,3,3,2,1,5,7,4,5,2,3,3,2,2,2,1,4,2,3,2,4,7,7,7,7,7,7,7,7,4,2,7,4,7,7,7,4,7,2000,2,1,0,0,0,0,0,4,5,4,3,13,2
1,7,3,3,7,6,4,4,7,4,7,6,3,4,-99,-99,7,6,4,6,4,6,3,5,2,2,5,7,7,7,3,7,7,7,3,7,1,1,4,6,1,4,7,4,1,2,2,2,2,3,4,7,7,7,6,6,5,5,5,6,6,3,3,3,3,3,3,3,-99, , , , ,0,0,138.974,0,1,1,0,0,0,1,1,1,4,6, , , ,1,1,5,3,3,3,3,5,6,7,7,3,2,2,3,2,3,2,3,6,6,6,3,3,3,3,3,3,3,3,3,3,4,7,7,7,7,7,7,7,7,3,2,7,4,7,7,7,7,7,1999,2,1,0,0,0,0,0,3,6,4,2,14,8
1,5,4,3,5,5,4,3,3,6,6,6,3,4,-99,-99,4,5,4,3,6,5,3,5,4,2,5,6,6,6,2,6,5,5,4,4,5,5,3,5,2,3,5,3,1,1,3,3,3,2,4,5,5,6,5,4,2,3,4,2,3,2,4,2,3,3,4,-99,-99,0,0,269.701,0, , , , ,1,0,0,0,0,1,1,0,6, , , , ,3,4, ,4,5,5,5,2,5,3,4,5,5,5,5,5,2,5,5,4,4,4,4,5,3,4,4,4,5,4,3,4,5,5,5,5,5,5,4,4,4,4,4,5,3,5,5,5,4,6,1998,1,1,0,0,0,0,0,3,5,3,7,14,2
1,4,3,5,4,2,3,3,4,1,3,5,4,5,1,-99,4,2,2,3,1,1,4,5,5,3,5,6,6,6,1,6,5,7,3,5,3,1,3,3,3,2,5,3,1,2,3,4,9,4,2,7,7,5,5,5,1,4,5,2,4,1,1,1,2,2,2,1,-99, , , , ,0,0,151.354,0,1,0,1,1,0,0,0,0,4, ,7,1, , , , ,3,4,5,4,4,6,5,6,4,2,2,2,2,2,2,2,2,3,1,1,1,1,1,1,1,1,1,1,1,1,4,5,4,4,5,5,4,4,2,2,5,5,5,5,4,5,5,1999,2,1,0,0,0,0,0,1,2,2,1,14,2
1,7,3,4,7,7,3,4,7,7,7,7,1,4,-99,-99,6,5,4,4,2,2,4,3,2,2,7,7,5,6,1,7,7,7,1,5,1,1,2,2,2,3,5,2,1,1,3,2,1,4,-99,5,5,4,6,6,3,2,3,1,2,3,3,3,3,1,2,-99,-99, , , , ,27.677,27.677,167.046,1,1,1,1,0,0,0,0,0,5,5,7, , , , , ,5,6,6,6,2,6,5,6,6,5,2,4,2,2,5,5,4,5,3,4,2,2,3,2,2,2,4,4,3,2,7,7,7,6,7,7,7,7,1,1,7,4,7,7,7,7,7,1998,2,1,0,0,0,0,0,4,7,7,2,14,2
1,4,5,3,4,5,2,3,3,5,3,5,3,5,3,-99,3,4,3,3,5,2,2,3,2,3,3,4,4,5,3,3,3,3,3,3,3,3,4,4,4,3,4,4,2,3,3,2,4,3,4,4,5,3,3,4,4,4,2,4,3,4,3,4,3,3,4,3,-99, , , , ,2.263,45.191,260.218,6,1,1,0,0,0,0,0,0,7,7, , , , , , ,4,4,4,4,3,4,4,4,4,3,3,4,4,3,3,3,4,3,4,4,4,4,4,4,4,4,3,4,4,3,4,4,4,3,4,4,4,4,4,4,4,3,4,3,4,4,4,1997,2,1,0,0,0,0,0,7,6,6,2,16,4
1,4,3,5,5,3,2,1,7,5,6,7,1,4,-99,-99,5,4,2,2,6,6,4,6,2,1,6,7,7,7,2,7,6,6,6,5,3,2,4,6,2,2,6,1,1,1,4,4,2,2,2,6,7,4,6,5,2,4,7,2,5,4,3,2,2,2,2,-99,-99,0,0,166.665,0, , , , ,1,1,1,1,0,0,0,0,7,7,7,7, , , , ,5,6,7,6,2,7,6,7,6,3,2,7,2,2,3,6,6,6,2,2,2,1,1,2,2,2,4,4,3,4,6,6,6,4,4,6,5,6,1,1,7,6,6,7,7,7,7,1999,2,1,0,0,0,0,0,7,4,2,1,14,2
1,7,5,7,6,6,4,3,4,7,7,7,1,5,-99,-99,6,6,5,4,6,2,2,6,6,1,6,7,7,7,3,7,7,6,2,7,3,2,3,5,2,2,6,2,1,1,9,1,1,3,1,6,7,5,4,4,2,3,4,3,5,1,5,2,3,5,3,-99,-99, , , , ,0,0,186.776,0,1,0,1,0,0,0,0,0,7, ,7, , , , , ,1,2,5,2,6,7,6,6,2,1,1,2,1,1,1,2,5,2,2,2,2,1,1,1,2,3,5,5,3,6,6,3,3,3,7,6,7,7,2,1,2,5,3,5,2,4,3,2000,2,1,0,0,0,0,0,6,4,2,3,13,4
1,5,5,6,6,3,6,6,5,2,7,7,1,7,-99,-99,6,3,6,6,6,2,3,7,7,1,5,7,7,7,1,7,5,7,3,7,3,5,2,5,1,2,6,3,1,2,3,1,9,1,4,5,7,5,7,7,4,5,7,5,6,5,2,3,2,1,6,-99,-99,0,0,166.826,0, , , , ,1,1,1,1,0,0,0,0,5,7,7,7, , , , ,7,7,7,7,1,5,6,7,7,6,7,7,6,2,7,7,5,5,6,6,5,7,5,5,5,6,2,3,3,6,6,6,7,6,7,6,6,7,2,2,7,4,7,4,7,7,7,2000,2,0,1,0,0,0,0,2,4,1,1,12,0
1,6,3,4,6,5,4,4,5,6,7,7,1,4,-99,-99,5,5,3,2,4,5,3,6,1,4,6,5,5,4,3,4,5,6,2,5,1,6,4,4,6,5,6,3,2,2,4,1,3,1,3,5,6,4,6,6,3,6,4,4,4,3,4,5,4,2,4,-99,-99,14.479,143.269,144.04,3, , , , ,1,1,1,1,0,0,0,0,6,-99,6,6, , , , ,5,5,3,5,3,4,3,4,5,4,3,5,4,1,5,5,3,3,4,5,4,4,3,3,3,3,3,3,3,5,6,6,5,5,5,5,3,4,1,2,5,3,3,4,6,5,4,2000,2,1,0,0,0,0,0,6,6,5,3,13,2
1,3,4,5,2,2,3,3,5,7,1,1,1,7,-99,-99,2,2,3,3,5,1,1,4,4,1,4,7,7,7,4,7,7,7,1,7,1,4,1,4,1,1,7,1,1,2,2,2,9,2,3,4,6,5,6,6,3,4,5,4,5,4,4,4,4,4,4,-99,-99, , , , ,4.997,129.132,130.423,6,1,0,0,0,0,0,0,0,7, , , , , , , ,1,1,7,5,1,7,7,7,6,6,5,6,2,1,6,7,4,4,4,5,4,5,4,4,4,4,3,2,3,3,7,7,7,7,7,7,7,7,1,1,7,4,7,6,7,7,7,1996,1,1,0,0,0,0,0,4,4,2,9,15,5
1,3,3,3,3,3,4,4,6,5,6,6,6,3,-99,-99,5,3,2,4,5,5,3,5,4,5,5,5,5,4,4,5,5,5,6,4,5,5,4,6,5,6,5,2,1,1,2,2,2,2,1,2,2,2,6,6,5,6,6,2,4,3,3,3,1,3,3,-99,-99, , , , ,25.229,89.523,197.957,14,1,0,0,0,1,0,0,0,6, , , ,4, , , ,2,1,4,4,6,5,5,5,4,3,3,3,3,2,3,4,4,4,5,5,5,4,5,5,5,5,6,5,4,5,6,6,6,6,7,5,6,6,2,2,5,5,5,5,5,5,5,1997,1,1,0,0,0,0,0,4,4,4,2,15,4
1,7,3,3,5,5,2,3,7,1,7,7,1,7,1,-99,4,4,1,1,5,5,5,6,4,5,5,6,5,5,6,5,5,6,5,6,5,5,5,5,6,5,4,6,4,9,4,9,3,9,4,6,6,7,5,6,7,6,7,5,6,5,6,6,7,7,6,7,-99,0,0,138.94,0, , , , ,1,1,1,0,0,0,0,1,7,5,4, , , , ,5,5,4,5,6,5,5,6,4,5,4,5,5,3,6,4,5,4,4,6,-99,5,6,4,5,5,7,7,4,5,4,6,6,6,7,7,5,6,7,5,6,7,6,6,6,6,5,6,1997,1,0,0,0,0,0,1,5,4,4,3,15,3
1,3,4,4,3,2,4,3,3,3,6,6,1,3,-99,-99,3,3,4,3,3,2,2,2,2,1,7,7,7,7,1,7,6,6,3,6,2,2,4,3,4,4,5,4,1,1,4,1,4,9,9,6,6,6,6,6,4,5,5,5,5,5,4,5,2,2,4,-99,-99,0,0,136.745,0, , , , ,1,1,1,0,0,0,0,0,6,7,7, , , , , ,5,5,5,6,2,5,5,5,5,4,3,5,3,5,5,5,5,5,5,6,5,4,4,4,4,5,4,5,4,4,6,6,6,6,6,6,6,6,3,3,6,4,6,6,5,4,6,1998,1,1,0,0,0,0,0,6,5,5,3,16,2
1,7,1,1,5,7,1,1,7,3,7,7,1,7,-99,-99,1,7,4,4,1,7,1,1,-99,1,7,7,7,7,1,7,3,7,7,4,1,4,7,4,7,7,7,4,2,1,1,3,1,2,4,1,1,1,1,4,6,3,5,2,3,6,5,3,2,1,3,4,-99, , , , ,144.528,144.528,145.133,1,0,0,0,0,0,0,1,1, , , , , , ,1,1,1,1,3,1,7,3,3,1,1,1,1,1,1,1,1,1,1,1,1,1,1,1,1,1,1,1,1,1,1,1,1,1,1,1,1,1,1,1,7,7,4,4,4,4,4,4,4,1997,2,1,0,0,0,0,0,7,7,7,2,15,4
1,2,6,5,2,4,6,6,7,2,7,3,7,7,-99,-99,2,3,6,6,1,4,6,1,1,4,5,5,5,5,2,5,6,6,1,6,2,2,4,4,4,3,4,3,1,1,4,1,4,1,4,5,5,5,6,5,2,4,3,2,2,2,1,1,1,6,5,-99,-99,0,0,136.627,0, , , , ,1,1,1,0,0,0,0,0,5,5,7, , , , , ,5,5,6,5,2,5,4,5,5,4,4,5,3,1,4,6,3,3,5,4,5,4,4,4,4,4,2,3,2,6,6,6,4,6,6,6,6,6,2,1,6,4,6,6,6,6,6,1996,2,1,0,0,0,0,0,5,6,6,2,16,5
1,4,3,5,4,3,3,3,3,1,1,7,1,7,-99,-99,4,3,3,3,1,7,6,1,1,1,4,7,7,6,1,4,7,7,3,7,4,3,4,3,3,4,5,4,1,1,4,9,9,1,2,7,7,6,4,4,4,7,4,3,4,2,2,2,2,4,4,-99,-99, , , , ,0,0,2920.952,0,1,0,1,0,0,0,0,0,7, ,7, , , , , ,1,1,1,1,7,1,1,1,1,1,1,1,1,1,1,1,1,1,1,1,1,1,1,1,1,1,1,1,1,7,5,5,5,5,4,4,4,1,1,1,3,3,3,3,5,3,3,1998,2,1,0,0,0,0,0,6,5,5,2,14,2
1, , , , , , , , , , , , , , , , , , , , , , , , , , , , , , , , , , , , , , , , , , , , , , , , , , , , , , , , , , , , , , , , , , , , , , , , , , , , , , , , , , , , , , , , , , , , , , , , , , , , , , , , , , , , , , , , , , , , , , , , , , , , , , , , , , , , , , , , , , , , , , , , , , , , , , , , , 
1,7,4,6,6,6,5,4,5,5,7,7,2,6,1,-99,6,6,6,3,1,1,3,7,5,1,5,7,7,7,1,6,5,6,2,5,1,1,2,2,4,4,6,4,3,2,9,4,9,4,3,5,7,1,6,7,2,1,6,1,2,1,1,1,1,1,6,1,-99, , , , ,0,0,138.462,0,1,0,1,0,0,0,0,0,4, ,7, , , , , ,3,3,5,3,6,5,7,5,4,4,2,2,2,1,5,4,3,3,6,5,5,2,1,2,2,2,2,6,6,1,7,7,6,7,7,6,6,6,1,4,7,1,5,5,7,7,7,1998,2,1,0,0,0,0,0,5,6,3,2,15,2
1,7,6,6,6,7,5,5,6,7,7,7,1,3,7,GroupMe,7,7,6,6,6,7,6,1,1,2,7,6,7,6,1,6,6,6,5,5,6,3,4,4,5,5,5,4,1,1,2,1,9,1,4,5,6,6,5,5,4,6,6,2,3,3,3,5,2,1,4,-99,-99, , , , , , , , , , , , , , , , , , , , , , , , , , , , , , , , , , , , , , , , , , , , , , , , , , , , , , , , , , , , , , , , , , , , , , , , , , , , , , , , , , , , , 
1,4,3,3,4,5,2,2,7,5,7,7,1,4,-99,-99,4,3,2,2,2,6,3,1,1,1,6,7,7,5,2,7,6,6,6,6,3,2,6,6,2,3,7,2,1,2,2,1,3,4,2,5,7,4,6,7,2,2,7,4,5,3,3,1,2,1,2,-99,-99,0,0,132.334,0, , , , ,1,1,0,0,0,0,0,1,7,7, , , , , ,4,6,6,7,7,2,6,6,6,6,2,3,4,1,2,1,7,4,6,5,3,2,2,2,2,2,3,4,4,4,4,6,6,4,5,5,5,4,5,2,3,6,3,5,5,6,5,6,1997,2,1,0,0,1,0,0,4,4,2,1,14,1
1,6,2,2,6,7,4,2,6,6,7,7,1,5,-99,-99,7,7,2,3,2,4,1,2,2,1,2,6,4,5,4,4,4,4,5,4,5,5,2,4,3,2,3,2,2,2,9,9,9,1,3,6,6,6,4,5,2,2,2,1,2,2,2,2,2,2,2,-99,-99,0,0,132.761,0, , , , ,1,1,1,1,0,0,0,0,4,7,7,7, , , , ,6,6,7,5,6,3,4,3,6,3,2,2,1,2,2,4,4,3,3,3,2,3,2,2,2,3,2,5,3,4,5,5,5,5,5,5,4,5,3,3,6,6,7,7,6,6,7,1999,2,1,0,0,0,0,0,6,6,5,2,13,2
1,4,2,6,3,3,3,3,7,1,7,1,2,7,-99,-99,4,2,1,1,1,1,1,2,1,1,5,5,5,5,1,5,5,5,4,4,4,3,4,4,3,4,3,4,1,1,4,9,9,4,4,5,6,4,5,5,2,4,3,4,4,1,1,3,1,1,5,-99,-99, , , , ,0,0,133.193,0,1,0,1,0,0,0,0,0,4, ,7, , , , , ,2,2,2,2,6,4,5,5,2,1,1,1,1,1,1,2,4,4,1,1,1,1,1,1,1,1,1,5,2,2,3,4,3,4,5,6,5,5,2,2,4,4,5,4,4,4,5,1999,2,1,0,0,0,0,0,7,5,2,1,13,3
1,4,4,4,4,4,6,5,4,7,7,7,2,5,-99,-99,4,5,6,5,4,4,4,4,4,4,6,6,6,6,3,6,4,6,2,5,3,3,5,3,3,3,4,3,1,2,2,1,1,2,2,5,5,5,7,6,3,2,4,4,4,5,5,2,2,4,6,-99,-99,50.996,50.996,226.762,1, , , , ,1,1,0,0,0,0,0,0,4,5, , , , , , ,4,4,3,4,3,4,5,6,5,3,3,4,3,3,3,3,3,3,6,4,5,5,5,4,6,5,4,5,5,2,5,4,4,5,5,6,6,6,2,2,5,4,5,4,6,4,5,1997,1,1,0,0,0,0,0,4,6,5,2,16,5
1,5,6,4,6,6,6,6,7,6,7,7,2,4,-99,-99,6,5,6,5,6,6,4,4,1,1,6,7,7,6,2,7,5,6,5,5,3,3,4,6,3,4,4,4,1,2,3,4,9,3,4,6,6,6,6,6,2,4,6,4,5,4,4,4,4,1,4,-99,-99,0,0,132.244,0, , , , ,1,1,0,0,0,1,0,1,7,3, , , ,4, ,6,5,5,5,5,3,5,5,5,6,6,6,6,5,3,5,5,5,6,6,5,6,4,5,5,4,6,6,5,5,4,6,6,6,6,6,6,6,6,2,1,5,6,5,6,6,6,6,1999,2,1,0,0,0,0,0,5,5,5,2,14,3
1,4,7,4,5,4,4,5,2,7,7,7,7,7,-99,-99,5,4,7,7,7,5,4,4,4,5,7,6,6,6,4,4,4,6,6,4,7,6,6,5,6,4,3,3,1,1,4,1,3,1,4,4,5,2,4,4,4,5,2,4,5,3,3,1,1,6,5,-99,-99,1.565,31.155,172.061,9, , , , ,0,0,0,0,1,0,0,0, , , , ,5, , , ,5,7,6,6,5,7,6,5,4,6,6,4,5,6,6,3,5,6,6,6,4,6,6,6,5,4,4,4,6,7,2,4,6,6,6,6,6,6,3,3,2,5,4,4,5,3,5,01-Mar,1,1,0,0,0,0,0,4,4,3,2,13,2
1,6,2,4,5,6,3,2,7,2,7,7,1,5,-99,-99,3,5,2,3,2,2,3,6,2,2,5,5,6,6,2,6,5,6,4,4,4,5,2,2,3,6,3,6,1,2,3,1,2,4,2,4,5,6,4,4,4,5,3,4,6,3,4,3,3,3,2,-99,-99, , , , ,0,0,131.769,0,1,0,0,1,0,0,1,1,2, , ,4, , ,3,3,2,2,3,1,6,3,4,4,1,2,3,4,1,3,2,3,2,3,2,3,2,2,2,2,2,2,1,2,2,5,6,4,5,5,4,5,3,4,2,2,6,3,4,5,5,4,4,1998,2,1,0,0,0,0,0,7,7,7,2,10,3
1,6,5,6,4,5,4,5,7,7,7,7,2,7,-99,-99,4,5,5,6,4,7,6,5,5,4,6,7,6,6,2,7,6,6,1,6,5,3,4,3,2,3,4,2,1,1,4,4,2,2,3,7,7,7,3,5,3,5,3,2,2,5,5,2,1,6,5,-99,-99, , , , ,0,0,168.142,0,1,0,0,0,1,1,1,0,6, , , ,5,6,6, ,5,4,4,5,4,5,4,5,5,5,4,4,3,5,5,4,5,3,5,5,5,4,5,4,5,4,4,5,5,5,6,5,5,5,6,6,6,6,5,3,6,5,6,5,6,6,6,1997,2,1,0,0,0,0,0,6,6,6,2,13,3
1, , , , , , , , , , , , , , , , , , , , , , , , , , , , , , , , , , , , , , , , , , , , , , , , , , , , , , , , , , , , , , , , , , , , , , , , , , , , , , , , , , , , , , , , , , , , , , , , , , , , , , , , , , , , , , , , , , , , , , , , , , , , , , , , , , , , , , , , , , , , , , , , , , , , , , , , , 
1,6,5,5,4,5,4,5,2,1,6,5,2,4,-99,-99,4,5,4,4,5,5,4,5,5,1,4,6,6,6,3,5,5,5,4,4,2,4,5,5,2,1,6,2,1,1,9,3,3,1,9,5,6,4,5,4,3,3,4,3,5,3,4,2,1,2,2,-99,-99,0,0,149.038,0, , , , ,1,1,1,0,0,0,0,0,4,7,7, , , , , ,2,2,6,2,2,2,6,2,2,5,5,6,5,5,5,6,5,6,6,5,5,5,5,5,5,6,3,4,4,1,7,6,6,7,5,6,6,6,1,1,6,4,5,6,6,6,6,1999,2,1,0,0,0,0,0,1,2,1,1,13,5
1,5,2,2,5,4,2,5,6,7,7,7,4,5,-99,-99,5,2,2,2,2,2,5,5,2,2,5,6,5,6,3,6,5,6,5,7,3,6,3,5,3,5,6,6,1,2,4,2,4,4,2,6,5,5,3,6,2,3,5,2,3,3,2,2,2,5,5,-99,-99, , , , ,0,0,130.078,0,1,0,1,0,0,0,0,0,6, ,7, , , , , ,2,2,2,2,6,6,6,5,2,2,1,2,2,2,2,2,5,5,3,5,2,2,2,2,2,5,2,3,5,3,3,3,2,3,5,5,5,6,5,5,3,5,3,3,2,4,3,1998,1,1,0,0,0,0,0,3,6,6,2,14,8
1,4,3,6,3,3,3,3,7,2,7,6,1,7,-99,-99,2,2,2,2,3,2,4,7,5,1,6,7,7,6,1,7,5,5,4,5,2,5,3,3,2,2,6,2,1,2,3,3,9,2,3,6,6,6,5,7,3,3,7,4,4,3,2,2,2,2,4,-99,-99, , , , ,0,0,135.609,0,1,0,1,0,0,0,0,0,3, ,7, , , , , ,4,5,4,5,2,4,5,4,2,4,4,4,4,4,4,4,4,4,5,5,3,3,5,5,3,3,1,1,1,6,6,6,6,6,6,6,6,6,5,5,5,5,5,6,5,6,6,1998,2,1,0,0,0,0,0,7,4,2,9,16,1
1,5,4,5,6,4,6,6,7,7,7,7,1,2,-99,-99,6,5,6,6,1,1,2,5,5,1,4,7,7,7,2,7,7,6,1,7,2,1,5,6,4,1,6,1,1,1,4,9,3,4,4,4,4,5,7,7,4,3,5,2,5,2,2,2,1,1,2,-99,-99,0,0,133.477,0, , , , ,1,1,1,0,0,0,0,0,7,4,7, , , , , ,3,3,3,3,3,3,3,3,3,3,3,3,3,3,3,3,3,4,4,4,4,3,4,4,4,4,2,2,2,6,5,5,5,5,4,5,4,4,4,5,5,3,3,5,5,3,5,1999,2,1,0,0,0,0,0,6,4,2,1,15,1
1,6,4,7,6,2,5,2,7,7,7,7,1,7,-99,-99,7,5,5,5,6,1,4,7,1,1,7,7,7,7,1,7,7,7,1,7,1,5,7,7,1,1,7,2,1,1,3,1,3,2,4,7,7,7,5,6,2,7,6,1,6,3,1,2,1,5,6,-99,-99, , , , ,0,0,139.817,0,1,0,1,0,0,0,0,0,6, ,6, , , , , ,5,5,6,6,3,7,7,7,6,5,7,7,5,1,2,6,7,7,1,3,1,2,2,1,1,2,1,2,1,6,7,7,7,6,7,7,7,7,2,1,7,4,6,6,5,6,6,2000,2,1,0,0,0,0,0,7,5,1,7,15,2
1,7,2,2,6,7,3,3,2,2,2,5,5,5,-99,-99,7,7,4,7,7,2,7,3,5,1,5,7,7,7,2,7,2,4,2,5,7,5,2,2,4,3,4,4,1,2,4,4,4,4,1,2,5,3,4,5,1,2,1,1,1,1,1,1,1,1,1,-99,-99, , , , ,5.036,133.303,134.779,3,1,1,0,0,0,0,1,1,7,7, , , , ,5,5,2,2,7,2,7,4,6,3,2,1,2,1,2,2,2,2,2,2,4,1,4,2,1,1,4,2,4,2,5,5,3,3,4,7,7,7,5,6,7,6,6,4,5,7,2,4,7,1998,1,1,0,0,0,0,0,7,7,4,2,15,3
1,6,4,5,5,6,3,3,7,1,7,7,1,7,-99,-99,4,2,1,1,2,2,1,2,1,1,4,6,7,6,1,6,5,4,1,5,1,1,1,1,4,4,6,4,9,1,4,9,2,9,3,1,1,1,4,5,5,6,4,3,4,4,1,1,1,1,4,-99,-99,0,0,144.133,0, , , , ,1,0,0,0,0,0,0,1,4, , , , , , ,3,3,1,1,3,1,3,4,3,1,3,2,1,1,1,1,2,2,2,2,1,1,2,2,1,2,1,1,3,1,5,3,3,2,3,3,3,3,3,1,2,6,4,5,6,4,2,6,1998,2,1,0,0,0,0,0,5,6,5,2,14,2
1,7,3,4,5,4,5,6,1,7,1,1,1,7,-99,-99,7,2,5,5,1,2,3,5,2,1,6,6,6,6,1,6,6,5,1,6,1,1,1,1,7,4,1,7,1,1,3,1,1,1,1,6,6,6,2,5,3,1,2,1,1,1,1,1,1,1,1,-99,-99, , , , ,3.681,156.906,158.061,13,1,0,0,0,0,0,0,0,7, , , , , , , ,7,7,7,5,3,4,1,4,7,1,1,1,1,1,1,1,3,1,1,1,1,1,1,1,1,1,1,1,1,7,4,3,4,2,7,7,7,7,5,3,7,3,7,6,7,4,7,1998,1,1,0,0,0,0,0,4,6,5,2,15,2
1,5,4,6,6,4,6,4,5,7,7,7,1,7,-99,-99,7,2,6,3,1,5,2,4,2,1,5,7,7,7,1,7,7,7,5,7,1,4,7,1,5,1,7,2,1,2,2,3,9,3,1,6,7,5,7,7,5,5,4,4,7,3,5,1,1,3,3,-99,-99, , , , ,0,0,130.785,0,1,0,0,0,0,0,0,0,7, , , , , , , ,6,6,7,7,3,6,7,7,6,2,2,2,1,1,2,5,4,5,3,1,1,2,2,1,1,3,1,4,1,3,6,5,5,5,3,5,5,5,3,5,6,5,6,6,6,5,5,1998,2,1,0,0,0,0,0,1,3,1,1,15,4
1,6,1,7,4,4,3,4,5,2,7,7,2,7,-99,-99,2,5,2,2,2,4,1,1,1,1,7,7,7,7,1,5,1,4,1,3,4,2,2,7,4,2,7,4,9,4,9,3,9,4,2,4,4,4,6,6,1,1,4,1,1,1,1,1,1,1,4,-99,-99,4.886,279.279,279.963,2, , , , ,1,1,1,1,0,0,0,0,7,7,7,7, , , , ,3,6,6,6,1,5,7,4,5,3,1,5,1,1,1,5,1,2,1,1,1,1,1,1,1,1,1,1,1,6,7,7,7,7,7,7,7,7,1,1,7,1,3,2,7,7,7,1997,2,0,0,1,0,0,0,7,1,3,1,15,2
1,1,7,7,1,1,6,7,1,1,1,1,7,7,-99,-99,1,1,7,7,1,7,5,1,1,7,6,7,7,7,1,7,6,6,2,6,2,3,1,2,5,3,5,4,9,9,4,9,9,9,9,7,7,7,6,2,3,3,5,4,3,1,1,1,1,5,5,-99,-99,0,0,2196.108,0, , , , ,1,1,0,0,0,0,0,0,7,7, , , , , , ,7,7,7,7,7,7,7,7,7,4,5,5,6,5,5,5,3,3,7,6,7,2,7,7,7,7,6,6,6,6, , , , , , , , , , , , , , , , , , , , , , , , , , , , , , , 
1,6,6,5,5,5,6,6,6,2,4,4,2,4,1,-99,5,5,6,6,2,2,3,3,2,1,5,6,6,6,3,6,4,5,4,3,4,4,3,4,2,3,5,2,1,1,4,1,4,4,4,5,6,4,6,6,3,4,5,3,4,3,1,2,2,4,4,1,-99,0,0,146.427,0, , , , ,1,1,1,0,0,0,0,0,7,7,7, , , , , ,6,6,5,6,2,6,5,6,5,2,2,4,2,2,2,4,4,4,4,5,4,4,4,3,3,3,3,3,3,4,6,5,6,6,5,6,6,6,2,2,6,6,5,5,6,6,5,1998,1,1,0,0,0,0,0,2,6,3,7,16,2
1,4,3,3,4,4,3,3,5,3,4,4,1,3,-99,-99,5,4,3,4,3,5,4,4,3,1,6,5,6,5,3,6,4,5,6,5,4,4,2,3,3,5,5,3,1,2,4,3,9,9,3,5,5,5,6,4,4,5,4,3,5,4,4,4,4,3,3,7,-99, , , , , , , , , , , , , , , , , , , , , , , , , , , , , , , , , , , , , , , , , , , , , , , , , , , , , , , , , , , , , , , , , , , , , , , , , , , , , , , , , , , , , 
1, , , , , , , , , , , , , , , , , , , , , , , , , , , , , , , , , , , , , , , , , , , , , , , , , , , , , , , , , , , , , , , , , , , , , , , , , , , , , , , , , , , , , , , , , , , , , , , , , , , , , , , , , , , , , , , , , , , , , , , , , , , , , , , , , , , , , , , , , , , , , , , , , , , , , , , , , 
1,5,3,4,4,2,2,1,4,7,7,3,1,7,-99,-99,5,5,2,2,1,1,1,6,4,1,7,7,7,7,1,7,6,4,2,5,1,1,4,5,5,2,5,3,1,1,4,9,4,1,9,4,7,7,7,5,2,1,7,1,2,1,1,1,1,1,1,-99,-99, , , , ,0,0,144.332,0,1,1,0,0,0,0,0,0,1,2, , , , , , ,5,4,4,3,5,6,5,5,4,4,4,2,1,1,3,4,4,3,1,1,1,1,1,1,1,1,2,3,4,2,5,5,6,5,5,6,5,6,3,3,6,3,5,2,6,5,6,1996,1,1,0,0,0,0,0,2,6,2,7,16,3
1,7,5,7,7,6,4,4,7,7,7,7,1,5,-99,-99,5,3,3,2,2,5,3,6,3,2,5,7,7,7,1,7,5,5,2,5,4,4,4,4,5,3,5,2,1,1,3,1,9,1,1,2,6,3,6,6,2,3,5,2,-99,2,2,2,2,2,2,-99,-99,0,0,52957.191,0, , , , , , , , , , , , , , , , , , , , , , , , , , , , , , , , , , , , , , , , , , , , , , , , , , , , , , , , , , , , , , , , , , , , , , , , , , , , , , , , , 
1,6,5,4,5,5,2,3,5,1,6,5,1,4,-99,-99,5,4,3,3,5,4,3,7,7,2,7,7,7,6,1,7,5,6,4,5,3,2,2,3,4,5,3,3,2,2,2,1,9,1,2,5,7,2,6,4,4,3,2,3,5,3,1,4,1,1,6,-99,-99,1.899,148.517,149.183,3, , , , ,0,0,0,0,0,1,1,1, , , , , ,3,4,7,3,3,3,3,5,5,5,6,6,6,6,3,2,5,3,5,6,4,2,2,5,2,6,5,5,5,3,3,2,4,5,2,5,5,5,5,2,5,2,4,5,2,5,3,4,2,5,1999,2,1,0,0,0,0,0,6,6,5,2,14,2
1,5,3,4,5,6,3,4,5,5,5,4,2,4,1,-99,4,5,4,3,3,3,5,5,5,4,4,6,6,6,3,6,5,6,6,6,3,3,3,3,3,3,5,3,9,2,9,9,9,9,9,5,5,5,5,5,3,5,5,3,5,4,4,4,4,4,4,4,-99,0,0,141.704,0, , , , ,1,1,0,1,0,1,0,0,3,7, ,5, ,4, , ,6,6,5,6,2,5,5,6,6,5,4,5,3,5,5,5,4,5,5,4,5,5,5,5,5,5,5,5,5,5,6,6,5,6,5,6,6,6,3,3,6,6,5,6,6,6,6,1996,1,1,0,0,0,0,0,5,6,5,2,17,3
1,7,6,5,7,6,6,7,2,1,1,7,7,7,-99,-99,7,7,7,7,2,2,5,2,6,3,4,5,6,5,2,6,6,6,2,6,3,2,4,5,1,1,4,1,1,1,4,1,4,2,4,6,6,4,6,5,2,4,4,4,5,2,1,1,4,5,3,-99,-99,0,0,320.185,0, , , , ,1,1,1,0,0,0,1,0,7,7,7, , , ,4, ,5,5,5,5,5,6,6,6,5,1,4,4,2,1,2,6,5,5,5,5,5,3,5,5,5,5,4,5,3,3,5,4,4,5,4,5,5,5,4,3,5,4,5,5,5,5,5,1996,1,1,0,0,0,0,0,2,3,2,3,15,4
1, , , , , , , , , , , , , , , , , , , , , , , , , , , , , , , , , , , , , , , , , , , , , , , , , , , , , , , , , , , , , , , , , , , , , , , , , , , , , , , , , , , , , , , , , , , , , , , , , , , , , , , , , , , , , , , , , , , , , , , , , , , , , , , , , , , , , , , , , , , , , , , , , , , , , , , , , 
1,3,4,5,2,2,2,2,4,5,5,4,1,4,1,-99,3,3,3,3,2,2,3,1,1,1,7,7,7,6,1,7,4,5,6,6,5,5,3,3,5,5,5,4,1,2,4,9,9,2,2,5,6,5,6,6,5,5,5,5,5,4,4,4,4,4,4,4,-99, , , , ,0,0,143.099,0,1,0,0,0,0,0,0,0,5, , , , , , , ,2,2,2,3,6,6,5,5,2,1,1,1,1,1,1,1,1,1,3,3,3,3,3,3,3,3,3,4,2,3,3,3,5,3,4,4,3,4,3,4,4,4,4,4,4,4,4,1999,1,1,0,0,0,0,0,4,5,4,7,15,1
1,7,4,7,2,3,5,4,2,7,7,7,1,4,-99,-99,5,2,7,7,1,4,1,6,6,1,7,7,7,7,1,6,6,6,6,1,7,6,7,7,1,1,7,1,1,1,9,2,9,9,4,7,7,7,5,2,2,6,2,3,3,2,2,2,2,3,5,-99,-99, , , , , , , , , , , , , , , , , , , , , , , , , , , , , , , , , , , , , , , , , , , , , , , , , , , , , , , , , , , , , , , , , , , , , , , , , , , , , , , , , , , , , 
1, , , , , , , , , , , , , , , , , , , , , , , , , , , , , , , , , , , , , , , , , , , , , , , , , , , , , , , , , , , , , , , , , , , , , , , , , , , , , , , , , , , , , , , , , , , , , , , , , , , , , , , , , , , , , , , , , , , , , , , , , , , , , , , , , , , , , , , , , , , , , , , , , , , , , , , , , 
1,6,6,7,4,6,4,5,6,3,7,5,3,3,5,-99,3,6,4,4,3,4,6,6,4,3,4,5,6,6,2,4,4,6,2,6,2,2,4,5,4,1,6,2,2,1,4,1,9,1,4,6,7,6,6,6,3,3,5,4,5,3,3,3,3,5,3,-99,-99,3891.458,3891.458,3914.356,1, , , , ,1,1,0,0,0,0,0,0,7,7, , , , , , ,7,7,7,7,1,5,7,7,7,6,6,7,5,3,7,7,5,5,5,5,5,7,5,5,3,5,6,6,3,2,7,7,7,7,7,7,7,7,1,1,7,4,7,7,7,7,7,1999,2,0,0,0,0,0,1,2,4,1,1,12,7
1,5,5,6,4,6,4,4,7,7,7,7,1,7,-99,-99,5,6,5,5,3,3,3,5,3,3,7,7,7,7,1,7,7,7,1,7,1,1,5,4,4,3,7,3,1,1,3,1,1,1,1,6,6,4,6,6,4,5,6,2,4,2,6,3,4,1,5,-99,-99, , , , ,0,0,245.444,0,1,1,1,0,0,0,0,0,5,4,7, , , , , ,5,5,3,5,3,5,5,5,5,3,2,2,2,3,2,4,3,4,3,3,3,3,3,3,3,3,4,4,4,4,6,6,6,6,6,6,6,6,4,3,6,6,6,6,6,6,6,1997,2,1,0,0,0,0,0,6,3,2,2,15,3
1,2,2,5,2,2,3,4,6,1,1,1,1,4,-99,-99,2,1,4,4,1,4,4,2,1,1,7,7,7,7,1,7,2,2,4,2,7,7,4,5,2,2,5,2,1,1,4,9,9,1,2,7,7,7,4,4,1,5,4,1,3,1,1,1,1,1,1,-99,-99, , , , ,0,0,140.292,0,1,1,0,0,0,0,1,0,5,7, , , , ,7, ,4,5,5,5,3,4,5,4,5,4,3,1,1,2,5,5,5,5,1,1,1,3,2,1,1,1,1,1,2,5,5,5,5,5,5,5,5,5,3,3,6,7,6,7,6,7,7,1998,2,1,0,0,0,0,0,1,6,4,2,13,3
