county,state,asians,blacks,hispanics,whites,homeowner,households,housing_units,per_capita_income,foreign_born,pop_2020,pop_2010
Ada County,ID,2.7,1.4,8.5,84.3,69.3,173353,192630,34919,5.8,494967,392365
Adams County,CO,4.5,4,40.8,49,66.2,166450,178519,30313,15.3,519572,441603
Adams County,ID,0.9,0.4,3.6,91.6,80.3,1757,2705,28026,1.2,4379,3976
Adams County,WA,1.4,2.2,64.7,32.5,63.1,5973,6722,20248,24.5,20613,18728
Alameda County,CA,32.3,11,22.3,30.6,53.5,577177,622922,47314,32.5,1682353,1510271
Alamosa County,CO,1.7,1.8,47.6,47.1,57.8,6162,7160,22131,9.1,16376,15445
Albany County,WY,3.9,2,9.7,81.9,51,15944,19540,29146,7.3,37066,36299
Aleutians East Borough,AK,43.4,10.2,14.8,9.1,63.8,890,755,33939,27.1,3420,3141
Aleutians West Census Area,AK,40.1,7.1,14,23.6,28.2,1187,1966,39647,41.6,5232,5561
Alpine County,CA,1.6,0.4,12.3,61.3,84,350,1782,36739,5.1,1204,1175
Amador County,CA,1.7,2.7,14.5,77.3,76.5,14594,18625,31987,6,40474,38091
Anchorage Municipality,AK,10,6,9.4,57.1,61.3,106567,119276,41415,10.9,291247,291826
Apache County,AZ,0.5,0.6,6.6,18,78.9,20867,33023,15128,1.4,66021,71518
Arapahoe County,CO,6.6,11.5,19.8,59.4,63.5,240304,257325,40443,15.1,655070,572003
Archuleta County,CO,1.2,0.7,18.4,76.8,72.2,5858,9685,31629,5,13359,12084
Asotin County,WA,1,0.8,4.4,89.8,70.7,9101,10125,29695,2.9,22285,21623
Baca County,CO,0.4,1.1,11.3,83.9,71,1662,2259,24061,3.2,3506,3788
Baker County,OR,0.9,0.7,4.7,89.7,70.7,6921,9096,28700,2,16668,16134
Bannock County,ID,1.6,1.1,8.9,83.4,67.5,31155,34852,25076,4.1,87018,82839
Bear Lake County,ID,0.5,0.4,4.3,93.1,76.6,2424,4204,26378,3.1,6372,5986
Beaver County,UT,0.8,0.4,12.4,83.8,74.1,2282,3059,23382,7.5,7072,6629
Beaverhead County,MT,0.5,0.4,5.5,89.5,67.8,3992,5363,28401,2.3,9371,9246
Benewah County,ID,0.4,0.5,3.8,84.6,73.3,3418,4790,23255,1.2,9530,9285
Bent County,CO,1.5,7.3,32.2,57,59.6,1767,2277,13930,4.6,5650,6499
Benton County,OR,7,1.2,7.8,79.8,57.2,35718,39105,33817,9.8,95184,85579
Benton County,WA,3.3,1.8,22.6,69.4,68.8,72121,78624,32882,10.7,206873,175177
Bernalillo County,NM,2.9,3.6,50.3,38.3,63,267699,296404,30734,10.1,676444,662564
Bethel Census Area,AK,1,1,2.7,9.6,58.2,4489,6034,19885,2.3,18666,17013
Big Horn County,MT,0.7,0.4,6.6,26.5,63.4,3609,4728,18934,1,13124,12865
Big Horn County,WY,0.5,0.8,9.2,87.5,73.2,4475,5478,24693,2.9,11521,11668
Bingham County,ID,1,0.6,17.9,73.9,76.8,14989,17003,23059,4.9,47992,45607
Blaine County,ID,1.2,0.7,23.5,73.7,70.1,7995,15600,33645,15.7,24272,21376
Blaine County,MT,0.2,0.4,3.7,43.8,58,2366,2857,19258,0.7,7044,6491
Boise County,ID,1,0.5,5.2,90.1,82.8,3205,5697,31975,3.4,7610,7028
Bonner County,ID,0.8,0.3,3.4,92.6,75.7,17537,25360,27918,2.4,47110,40877
Bonneville County,ID,1.1,0.7,13.4,82.5,69.6,39768,44564,28671,5.3,123964,104234
Boulder County,CO,5,1.2,14,77.4,62.2,127415,140551,46826,10.7,330758,294567
Boundary County,ID,1,0.7,5.1,90,76.7,4653,5591,25782,4.3,12056,10972
Box Elder County,UT,0.8,0.6,9.7,86.7,77.8,17569,19357,24797,3.2,57666,49975
Bristol Bay Borough,AK,1.8,0.8,7.4,39.6,53.8,314,977,44168,2.2,844,997
Broadwater County,MT,0.3,0.6,2.9,93.3,82.5,2364,2739,31631,1,6774,5612
Broomfield County,CO,6.9,1.5,12.7,76.4,65.2,27470,29675,50863,8.9,74112,55889
Butte County,CA,5,1.9,17.2,70.9,59,85320,86209,29506,7.3,211632,220000
Butte County,ID,0.3,0.4,5.4,90.9,82.3,967,1381,30294,0.7,2574,2891
Cache County,UT,2.3,1.1,10.9,83.5,63,38393,43169,23713,6.5,133154,112656
Calaveras County,CA,1.9,1.1,13,79.9,77.8,16942,28181,33456,4.8,45292,45578
Camas County,ID,0.4,0.5,6.3,88.7,75.6,394,875,30209,2.1,1077,1117
Campbell County,WY,0.8,0.7,8.9,86.9,73.4,17574,20399,34776,3.1,47026,46133
Canyon County,ID,1.1,0.8,25.6,70,69.5,72807,80055,22232,7.9,231105,188923
Carbon County,MT,0.3,0.6,2.4,94,76.4,4524,6584,33067,1,10473,10078
Carbon County,UT,0.7,0.6,13.4,82.9,73.7,7829,9872,23862,2.5,20412,21403
Carbon County,WY,1,1.2,18.5,76.9,69.6,6204,8845,29552,5.4,14537,15885
Caribou County,ID,0.4,0.1,6.4,91.2,79.3,2538,3333,26221,3,7027,6963
Carson City,NV,2.7,2.1,24.1,67,56.8,22755,-1,31549,12.7,58639,55274
Carter County,MT,0.1,0.2,1.1,95.8,72,628,835,28577,0,1415,1160
Cascade County,MT,1,1.7,4.7,84.9,64.4,34329,39206,30110,2.1,84414,81327
Cassia County,ID,0.8,0.9,27.2,69.7,70.3,7711,8925,21687,10.7,24655,22952
Catron County,NM,0.3,0.8,19,74.9,87.7,1325,3413,21989,2.5,3579,3725
Chaffee County,CO,0.9,1.8,10,85.2,77.8,8231,11498,29827,3.8,19476,17809
Chaves County,NM,1.2,2.4,57.8,37.9,68.9,23284,27480,22041,12.6,65157,65645
Chelan County,WA,1.2,0.9,28.2,67.6,64.4,28384,38644,30870,12.9,79074,72453
Cheyenne County,CO,2.3,0.8,11,83.8,71.4,774,1010,29081,9,1748,1836
Chouteau County,MT,0.4,0.2,2.9,76.8,63.8,2274,2963,23769,1.9,5895,5813
Churchill County,NV,3,2.5,14.5,72.5,65.4,9940,11045,28462,7.3,25516,24877
Cibola County,NM,0.6,1.5,38.5,18.9,68.7,8708,11457,20018,2.5,27172,27213
Clackamas County,OR,4.9,1.2,9,81.1,71.1,157408,170724,41492,8.2,421401,375992
Clallam County,WA,1.9,1.2,6.6,82.4,70.4,32958,37728,30283,5.4,77155,71404
Clark County,ID,1.1,1.2,44.5,51.2,62.4,290,562,18860,33.1,790,982
Clark County,NV,10.4,13.1,31.6,41.7,53.8,783524,924538,30704,22.2,2265461,1951269
Clark County,WA,5,2.4,10.2,77.5,67,174661,189583,35860,10.6,503311,425363
Clatsop County,OR,1.6,0.9,8.6,85.1,62.2,15800,22774,29757,4.6,41072,37039
Clear Creek County,CO,1.2,1,7.6,87.8,77.2,4395,5847,39203,2.2,9397,9088
Clearwater County,ID,0.7,0.6,4.1,89.9,78.1,3555,4668,23412,2.1,8734,8761
Cochise County,AZ,2.3,4.5,35.7,54.8,68.9,50163,61601,26819,10.7,125447,131346
Coconino County,AZ,2.1,1.5,14.3,54.1,61,47447,67504,27339,4.4,145101,134421
Colfax County,NM,0.8,0.9,49.2,46.9,71,5853,10356,24035,3.2,12387,13750
Columbia County,OR,1.1,0.8,5.6,87.8,75.4,19671,21602,31883,2.7,52589,49351
Columbia County,WA,1.4,0.7,7.9,84.4,67.9,1795,2175,36551,7.4,3952,4078
Colusa County,CA,1.6,1.3,60.4,34.1,61,7227,8125,26932,27,21839,21419
Conejos County,CO,0.9,1,51.3,45.7,79.4,3183,4483,20640,1.8,7461,8256
Contra Costa County,CA,18.3,9.5,26,42.7,65.9,394769,418707,48178,25.4,1165927,1049025
Converse County,WY,0.5,0.7,8.4,88.4,73.7,5378,6699,33693,1.9,13751,13833
Coos County,OR,1.3,0.6,6.8,84.9,65.9,27025,31368,27582,3.4,64929,63043
Costilla County,CO,1.6,2.1,61.2,33.9,69,1746,2880,21732,9.2,3499,3524
Cowlitz County,WA,1.6,1.1,9.3,83.2,66.1,41952,45282,28876,4,110730,102410
Crook County,OR,0.7,0.5,7.6,88,72.2,9588,11196,27007,3,24738,20978
Crook County,WY,0.2,1.4,2.5,94,81.8,2919,3671,29532,1.8,7181,7083
Crowley County,CO,1.2,10.7,32.8,52.6,72.5,1301,1601,15517,3.4,5922,5823
Curry County,NM,1.8,6.9,43.4,46.5,57,18548,21493,23021,9.7,48430,48376
Curry County,OR,0.8,0.5,7.4,85.7,71.4,10546,13069,30021,3.3,23446,22364
Custer County,CO,0.5,1.6,5.8,89.7,87.2,2214,4495,29258,3.1,4704,4255
Custer County,ID,0.3,0.6,4.6,91.8,78.6,1774,3161,23805,0.6,4275,4368
Custer County,MT,0.7,0.6,3.7,91.1,68.8,4903,5702,30504,1,11867,11699
Daggett County,UT,0.5,0.2,4.4,92.2,87.1,163,1230,29574,0,935,1059
Daniels County,MT,0.2,0.4,3.2,91.8,78.4,857,1130,35133,3,1661,1751
Davis County,UT,2.1,1.4,10.2,83.2,77,104551,112482,31205,4.7,362679,306479
Dawson County,MT,0.6,0.5,3,92.2,68.3,3930,4456,31658,1.7,8940,8966
De Baca County,NM,0.5,0.9,45.9,50,62.6,672,1371,17376,1.3,1698,2022
Deer Lodge County,MT,0.5,0.5,3.7,89.7,67.8,3903,5232,26241,1.5,9421,9298
Del Norte County,CA,3.1,3.5,20.1,62,63.1,9945,11434,23674,7.6,27743,28610
Delta County,CO,0.9,0.9,15.3,81.2,73.6,11883,14912,26499,4.6,31196,30952
Denali Borough,AK,5.4,2.1,3.8,79.5,81.6,613,1765,34365,7.7,1619,1826
Denver County,CO,4.1,9.8,29.3,54.9,49.9,301501,338341,43770,15,715522,600158
Deschutes County,OR,1.3,0.6,8.3,86.8,67,74397,92795,35507,4.6,198253,157733
Dillingham Census Area,AK,0.9,0.8,3.7,14.7,62,1427,2456,25993,2.3,4857,4847
Dolores County,CO,0.3,0.4,6.3,87.8,81.6,759,1738,26323,1.2,2326,2064
Douglas County,CO,5.4,1.7,9.1,81.3,79,120709,132251,53313,7.6,357978,285465
Douglas County,NV,1.9,1,13.2,80.2,71.4,20741,24773,38814,7.4,49488,46997
Douglas County,OR,1.1,0.5,6.1,87.5,68.2,45456,50970,26478,2.9,111201,107667
Douglas County,WA,1.1,0.8,32.3,63.4,68.7,15263,17410,30544,15.3,42938,38431
Dona Ana County,NM,1.3,2.4,68.8,26.7,63.1,77842,89968,22154,17.2,219561,209233
Duchesne County,UT,0.5,0.5,8.3,84.6,75.1,6868,10532,24573,3.2,19596,18607
Eagle County,CO,1.3,1.5,29.7,67,69.8,18171,33174,44391,17.5,55731,52197
Eddy County,NM,0.9,2,50.5,45.3,69.5,21251,25089,30246,6.6,62314,53829
El Dorado County,CA,4.8,1,13.2,77.2,75.7,70974,91660,42749,9.2,191185,181058
El Paso County,CO,3.1,6.9,17.7,68.6,64,257507,280718,33728,7,730395,622263
Elbert County,CO,1.2,1.4,7.6,87.7,90,9280,9991,44690,2.7,26062,23086
Elko County,NV,1.2,1.3,24.7,66.5,71.2,18065,21966,33875,8.6,53702,48818
Elmore County,ID,3.1,3.1,17.8,72.4,59.8,10606,12577,23028,9.8,28666,27038
Emery County,UT,0.5,0.4,6.5,90.6,76.9,3665,4636,23705,2.5,9825,10976
Esmeralda County,NV,0.6,3.4,19.2,66.3,58.2,491,860,25849,7.2,729,783
Eureka County,NV,1,1.2,13.2,80.3,73.8,774,1087,34249,1.9,1855,1987
Fairbanks North Star Borough,AK,3.4,5.3,8.2,69.2,58.9,36188,44305,37025,5.4,95655,97581
Fallon County,MT,0.7,0.2,1.6,94.8,72,1334,1743,37024,2.4,3049,2890
Fergus County,MT,0.5,0.3,2.2,93.7,72.8,4912,5905,30529,1.1,11446,11586
Ferry County,WA,1.1,0.8,4.8,73,72,3060,4529,25857,1.5,7178,7551
Flathead County,MT,0.8,0.3,3,92.6,74.1,38773,49531,31694,2.5,104357,90928
Franklin County,ID,0.2,0.3,6.8,90.8,81.3,4397,4946,24185,2.5,14194,12786
Franklin County,WA,2.4,2.8,53.6,39.9,68.5,26723,29240,24380,22.7,96749,78163
Fremont County,CO,1,4,13.5,78.8,75,17136,20088,22692,2.7,48939,46824
Fremont County,ID,0.4,0.8,12.5,84.9,81.2,4347,9186,23577,6,13388,13242
Fremont County,WY,0.5,0.6,7,69.5,70.5,14907,18032,28324,1.5,39234,40123
Fresno County,CA,11.1,5.8,53.8,28.6,53.3,307906,336473,24422,21.2,1008654,930450
Gallatin County,MT,1.6,0.5,4,91.3,61.2,43777,52554,36924,3.3,118960,89513
Garfield County,CO,0.9,1.3,29.3,67.4,66.9,21498,24363,33393,14.8,61685,56389
Garfield County,MT,0.1,0.4,0.7,97.5,73.1,438,864,28541,0,1173,1206
Garfield County,UT,1.1,0.6,6.5,88.2,79.5,1760,3921,25247,3,5083,5172
Garfield County,WA,3.2,0.1,5.6,88.1,71.5,984,1250,26742,2.4,2286,2266
Gem County,ID,1,0.3,8.6,87.3,74.8,6683,7507,22661,3.2,19123,16719
Gila County,AZ,0.9,0.8,18.9,61.6,75.6,21945,33892,24251,3.5,53272,53597
Gilliam County,OR,0.9,0.3,7.4,87.4,67.3,842,1186,26482,2.9,1995,1871
Gilpin County,CO,1.5,1.3,7.1,87.6,79.6,2802,3765,49641,4.6,5808,5441
Glacier County,MT,0.4,0.3,3.6,30.2,58.8,4163,5395,18043,1.2,13778,13399
Glenn County,CA,3.1,1.3,42.5,50.5,59.4,10085,11098,22668,18.2,28917,28122
Golden Valley County,MT,0.6,0.9,4.9,88.9,76.9,351,486,30790,2.1,823,884
Gooding County,ID,0.8,0.6,29.2,67.6,70.5,5469,6290,23607,12.9,15598,15464
Goshen County,WY,1.1,1.1,10.8,85.2,73.7,5207,6030,28554,1.3,12498,13249
Graham County,AZ,0.7,1.9,33.2,51,70.3,11017,13770,18683,3,38533,37220
Grand County,CO,0.9,1,9.6,86.7,68.5,5884,17146,37876,5.4,15717,14843
Grand County,UT,1.5,0.9,10.6,81.9,65.1,4191,5725,27431,7,9669,9225
Granite County,MT,0.4,0.5,2.4,94,79.1,1308,2836,30752,0.5,3309,3079
Grant County,NM,0.9,1.4,50.4,45.8,68.1,11851,15162,25590,3.6,28185,29514
Grant County,OR,0.7,0.3,3.9,91.3,71.1,3381,4451,27367,2.9,7233,7445
Grant County,WA,1.2,1.8,42.2,53.3,62.5,30818,38512,24280,18.5,99123,89120
Grays Harbor County,WA,1.5,1.4,10.3,79,67,28722,36907,27210,4.8,75636,72797
Greenlee County,AZ,0.8,2.1,47.7,45.5,48.6,3132,4478,25780,2.3,9563,8437
Guadalupe County,NM,1.3,2.4,78.7,16.3,62.6,1384,2474,17420,2,4452,4687
Gunnison County,CO,0.9,0.6,9.6,86.8,61.4,6616,12228,32191,3.8,16918,15324
Haines Borough,AK,0.9,0.6,3.6,77.1,66.4,1007,1687,31731,5.1,2080,2508
Harding County,NM,0.3,0.6,46.9,52.2,65.4,211,543,34721,6.6,657,695
Harney County,OR,0.6,1,5.1,86.4,72.2,3244,3928,26370,1.3,7495,7422
Hidalgo County,NM,0.6,1.8,58,38.9,70.6,1679,2480,22009,7.9,4178,4894
Hill County,MT,0.5,0.6,4,68.3,61.8,6369,7352,23589,1.1,16309,16096
Hinsdale County,CO,1,1.5,5.7,88.4,71.6,377,1438,33570,1.4,788,843
Hood River County,OR,1.8,0.8,31.9,63,67.2,8600,10157,34926,16,23977,22346
Hoonah-Angoon Census Area,AK,1,2.2,6,46.6,75.5,791,1768,36091,5.6,2365,2150
Hot Springs County,WY,0.6,0.7,4.5,90.9,75.2,2118,2584,30643,0.2,4621,4812
Huerfano County,CO,0.9,1.4,33.9,61.6,71.8,3225,5333,25140,2.3,6820,6711
Humboldt County,CA,2.9,1.5,12.1,73.8,56.8,54679,63727,28769,5.3,136463,134623
Humboldt County,NV,0.9,1.1,27.5,64.7,71.4,6500,7617,33362,11.5,17285,16528
Idaho County,ID,0.6,0.5,3.6,90.6,76.7,6407,8783,22672,1.3,16541,16267
Imperial County,CA,2.1,3.3,85,10,58.3,44829,58280,18018,30.7,179702,174528
Inyo County,CA,1.7,1.2,23.4,60.8,65.5,7950,9609,32590,9.3,19016,18546
Iron County,UT,1,0.7,8.9,85.8,64,17015,22383,22909,4,57289,46163
Island County,WA,5.1,3.2,8.2,78.5,71.5,34768,42650,37087,7.7,86857,78506
Jackson County,CO,0.7,0.1,12.6,84.4,79.9,558,1338,28199,5.7,1379,1394
Jackson County,OR,1.6,1,13.5,80.1,63.2,88241,97266,30250,6.2,223259,203206
Jefferson County,CO,3.1,1.5,15.6,77.7,70.7,232284,245087,44119,6.4,582910,534543
Jefferson County,ID,0.6,0.5,10.6,86.5,80.7,8791,9768,24677,3.8,30891,26140
Jefferson County,MT,0.5,0.4,2.9,92.3,84.3,4484,5119,32773,1.1,12085,11406
Jefferson County,OR,0.9,1.2,19.9,60.7,68.1,8094,10305,23987,6.2,24502,21720
Jefferson County,WA,2,1.1,3.8,88.2,74.3,14705,18965,36598,5.8,32977,29872
Jerome County,ID,0.6,0.8,37.3,60.2,64.9,8022,8664,21461,16.4,24237,22374
Johnson County,WY,0.7,0.8,5,91,69.9,3845,4650,36084,1.1,8447,8569
Josephine County,OR,1.1,0.6,7.7,86.6,66.3,36367,39641,25167,4.1,88090,82713
Juab County,UT,0.4,0.6,5.8,91.1,78.6,3464,3889,22830,1.9,11786,10246
Judith Basin County,MT,0.4,0.1,1.9,95.8,75.7,906,1356,28811,0.2,2023,2072
Juneau City and Borough,AK,6.9,1.5,7,64.1,64.8,12676,13852,43680,8.8,32255,31275
Kane County,UT,1,0.8,4.7,90.6,77.4,2643,6184,26070,3.1,7667,7125
Kenai Peninsula Borough,AK,1.9,0.8,4.3,80,72.8,21630,31439,34226,3.3,58799,55400
Kern County,CA,5.4,6.3,54.6,32.8,58.3,270282,302898,23326,19.9,909235,839631
Ketchikan Gateway Borough,AK,8.2,1.1,5.6,63.9,61.6,5397,6458,37590,9,13948,13477
King County,WA,19.7,7,9.9,58.1,56.9,882028,970301,52462,23.1,2269675,1931249
Kings County,CA,4.4,7.5,55.3,31.3,52.3,43452,46965,22373,18.9,152486,152982
Kiowa County,CO,0.6,0.6,8.4,88.1,74.3,638,826,25937,0.6,1446,1398
Kit Carson County,CO,0.7,0.9,19.2,77.5,66.4,3004,3577,27797,7.5,7087,8270
Kitsap County,WA,5.4,3.2,8.2,76,67.8,103913,114920,37493,6.5,275611,251133
Kittitas County,WA,2.2,1.2,9,83.7,59.1,18347,24784,29161,5.1,44337,40915
Klamath County,OR,1.1,0.9,13.8,77.1,64.3,27886,33876,25880,5.4,69413,66380
Klickitat County,WA,0.9,0.7,11.7,82.3,68,8877,10667,29521,8.5,22735,20318
Kodiak Island Borough,AK,21.9,1.3,8.6,49.1,54.6,4261,5501,32876,19.8,13101,13592
Kootenai County,ID,0.9,0.4,4.9,90.3,70.4,62304,74624,29948,2.4,171362,138494
La Paz County,AZ,0.9,1.2,28.3,56.5,71.5,9346,16316,22879,9.7,16557,20489
La Plata County,CO,0.7,0.7,12.8,78.3,70.7,21794,28581,39493,2.7,55638,51334
Lake County,CA,1.4,2.1,22,68.9,66.4,25660,34572,27362,8.7,68163,64665
Lake County,CO,0.8,1,35.4,61,68.4,3392,4496,29122,9.4,7436,7310
Lake County,MT,0.5,0.5,4.8,65,72,11802,16958,25388,1.9,31134,28746
Lake County,OR,1.3,0.7,8.6,84,61.9,3515,4553,24241,4.4,8160,7895
Lake and Peninsula Borough,AK,3.1,1.3,3.5,22.3,71.5,421,1511,24836,2.2,1476,1631
Lander County,NV,1.2,1,23.2,69.1,73.4,2198,2741,34000,10.7,5734,5775
Lane County,OR,3.2,1.3,9.3,81.3,58.7,152312,164847,29705,5.8,382971,351715
Laramie County,WY,1.4,2.5,14.9,78.6,69.8,39683,44388,35190,3.4,100512,91738
Larimer County,CO,2.4,1.2,11.9,82.1,65,137021,154429,37363,5.6,359066,299630
Las Animas County,CO,1.3,2.2,40.4,54,67.4,6670,8626,25813,5.3,14555,15507
Lassen County,CA,1.6,8.4,19.3,64.7,67.6,9280,12784,22134,5.6,32730,34895
Latah County,ID,2.4,1.1,4.5,88.5,54.3,15422,17364,27011,6.1,39517,37244
Lea County,NM,0.7,4.3,60.1,34.3,66.8,22523,27028,25585,16.9,74455,64727
Lemhi County,ID,0.4,0.4,3.5,93.1,77.6,3582,4948,25075,2.2,7974,7936
Lewis County,ID,1.7,0.6,4.7,83.7,69.4,1646,1991,24094,2.2,3533,3821
Lewis County,WA,1.3,0.9,10.5,82.9,70.6,30618,35686,27127,5.2,82149,75455
Lewis and Clark County,MT,0.7,0.5,3.4,91,69.4,27893,31943,34504,1.2,70973,63395
Liberty County,MT,0.2,0.5,0.8,95.6,63,895,1047,43320,0.6,1959,2339
Lincoln County,CO,1,5.5,14.8,77,70.6,1518,2511,16753,4.4,5675,5467
Lincoln County,ID,0.7,0.5,31.4,64.9,68.2,1724,2017,21656,15.6,5127,5208
Lincoln County,MT,0.4,0.4,3.3,92.3,80.3,8122,11610,25081,3.5,19677,19687
Lincoln County,NM,0.6,1.1,34.4,60.3,80.6,7566,18366,27454,7.9,20269,20497
Lincoln County,NV,0.7,3.3,7.8,84.5,74.8,2018,2826,26432,2.8,4499,5345
Lincoln County,OR,1.4,0.9,9.5,82,65.6,21298,31945,27861,5,50395,46034
Lincoln County,WA,0.5,0.6,3.6,90.8,78,4525,6158,28891,1.7,10876,10570
Lincoln County,WY,0.6,0.6,4.6,92.3,82.4,6908,9698,29747,2.8,19581,18106
Linn County,OR,1.3,0.8,9.5,84.3,64.4,47762,51398,27345,4.4,128610,116672
Logan County,CO,1,4.5,17.2,75.6,65.2,8393,9148,26727,4.5,21528,22709
Los Alamos County,NM,6.6,1.4,18.5,71.2,74.1,7931,8401,60746,9.8,19419,17950
Los Angeles County,CA,15.4,9,48.6,26.1,45.8,3316795,3579329,34156,34,10014009,9818605
Luna County,NM,1.1,1.9,67.9,28.5,60.9,8904,11355,17168,17.8,25427,25095
Lyon County,NV,1.6,1.4,18.1,73.8,70.7,21189,24020,27855,6.9,59235,51980
Madera County,CA,2.6,4.2,58.8,33.2,64.1,44881,51438,22853,20.2,156255,150865
Madison County,ID,1.5,0.8,7.8,88.2,44.6,11016,15366,16585,4.6,52913,37536
Madison County,MT,0.6,0.4,4.4,92.5,77,3570,7004,35719,3.7,8623,7691
Malheur County,OR,1.5,1.7,34.6,60.1,58.3,10062,11957,18974,9.5,31571,31313
Maricopa County,AZ,4.6,6.4,31.4,54.5,62.2,1552096,1789190,33279,14.8,4420568,3817117
Marin County,CA,6.6,2.8,16.3,71.1,63.7,105432,113344,72466,18.1,262321,252409
Marion County,OR,2.5,1.6,27.2,64.7,60.2,118038,128622,27338,12.6,345920,315335
Mariposa County,CA,1.6,1.3,12.1,79.3,68.4,7643,10445,28757,5.8,17131,18251
Mason County,WA,1.3,1.5,10.6,79.8,77.4,24278,33987,28862,5.7,65726,60699
Matanuska-Susitna Borough,AK,1.7,1.3,5.2,78.6,77.1,31217,42120,31232,3.3,107081,88995
McCone County,MT,0.4,0.7,1.8,93.9,80.8,723,1024,27912,1.2,1729,1734
McKinley County,NM,1.1,0.7,14.2,8.3,70.9,20942,26429,15931,2.2,72902,71492
Meagher County,MT,0.4,0.5,1.8,95.3,72.5,702,1447,24723,3.3,1927,1891
Mendocino County,CA,2.3,1.1,25.8,64.3,59.9,34408,41027,29035,12.4,91601,87841
Merced County,CA,7.8,3.9,61,26.5,52.2,80008,86388,23011,26.3,281202,255793
Mesa County,CO,1,0.9,14.8,81.1,68.2,61742,68124,29596,4.1,155703,146723
Millard County,UT,1.6,0.6,12.9,82.8,74.5,4337,5142,25225,7.4,12975,12503
Mineral County,CO,0.5,0.3,6.2,91.2,86.6,367,1304,33955,1.3,865,712
Mineral County,MT,0.7,0.5,3.1,91.5,74,1786,2507,23621,1.7,4535,4223
Mineral County,NV,3.4,4.8,13.2,60.9,70.6,2048,2842,22921,2.6,4554,4772
Minidoka County,ID,0.6,0.8,36,61.3,73.4,7250,8504,24262,14.4,21613,20069
Missoula County,MT,1.8,0.5,3.4,89.1,58.9,49313,55544,31897,3,117922,109299
Modoc County,CA,1.2,1.4,14.6,77.2,74.9,3616,5276,22843,7.5,8700,9686
Moffat County,CO,0.8,0.8,16.2,79.7,64.8,5366,6342,29100,6.9,13292,13795
Mohave County,AZ,1.2,1.3,16.9,76.7,69.3,86889,116207,26166,6,213267,200186
Mono County,CA,2.6,0.8,26.8,65.8,64.4,4765,14208,34552,19.7,13195,14202
Monterey County,CA,6.7,3.4,59.4,29.4,51,127155,143201,30073,29.8,439035,415057
Montezuma County,CO,0.7,0.5,12.6,72.1,72.1,10655,12422,26072,2.9,25849,25535
Montrose County,CO,0.8,0.8,20.9,75.8,72.7,17140,19599,28078,7.7,42679,41276
Mora County,NM,0.6,1.1,81.2,16.9,85.5,1713,3328,19864,1,4189,4881
Morgan County,CO,0.8,4.2,36.5,57.5,64,10928,11989,25064,15.5,29111,28159
Morgan County,UT,0.6,0.5,3.2,94.4,85.3,3365,3725,31732,2.4,12295,9469
Morrow County,OR,0.6,1.1,37.7,58,70,4108,4789,23682,16.7,12186,11173
Multnomah County,OR,8.1,6,12,69.1,54.5,326229,359778,39245,13.8,815428,735334
Musselshell County,MT,1.8,0.8,3.7,89.7,72,2181,2697,24979,1.8,4730,4538
Napa County,CA,8.9,2.5,34.6,51.8,64.2,48705,55647,45195,22.1,138019,136484
Natrona County,WY,0.9,1.4,8.7,86.3,68.2,32799,37354,33797,2.2,79955,75450
Navajo County,AZ,0.6,1,11.5,41.6,68.8,34990,58502,18935,2.9,106717,107449
Nevada County,CA,1.5,0.6,9.8,84.7,74.2,40855,54809,39233,4.8,102241,98764
Nez Perce County,ID,0.8,0.5,4,86.8,72.8,16384,18004,29544,1.9,42090,39265
Niobrara County,WY,0.5,0.9,4,91.4,77.5,964,1370,22958,0.3,2467,2484
Nome Census Area,AK,1.5,0.9,2.9,14.9,60.5,2844,4100,23581,2.5,10046,9492
North Slope Borough,AK,5.5,1.6,4.3,30.9,52.7,1979,2631,48730,6.3,11031,9430
Northwest Arctic Borough,AK,1,1.8,3.7,10.7,56.2,1795,2756,23780,1.5,7793,7523
Nye County,NV,1.9,3.7,15.3,75.1,70.8,19088,22479,25558,7.2,51591,43946
Okanogan County,WA,1.3,0.9,20.7,64.3,65.8,17675,23516,24876,10.5,42104,41120
Oneida County,ID,0.6,0.4,4.4,93.5,79.9,1615,2019,22120,3,4564,4286
Orange County,CA,21.7,2.1,34,39.8,57.4,1037492,1118110,41514,30.1,3186989,3010232
Otero County,CO,0.9,1.7,42.2,53.6,63.9,7722,9003,21110,5,18690,18831
Otero County,NM,1.6,4.2,38.6,48.3,64.2,23634,31947,23170,11.3,67839,63797
Ouray County,CO,0.8,0.1,6.5,90.2,72.3,2163,3392,41160,1.7,4874,4436
Owyhee County,ID,0.8,0.9,25.8,68.9,70.9,4321,4994,22806,9.7,11913,11526
Pacific County,WA,2.1,1.1,10.1,81.7,80,9279,16417,26109,6.8,23365,20920
Park County,CO,0.9,0.9,6.4,89.1,86.4,6931,14865,36500,2.4,17390,16206
Park County,MT,0.4,0.4,3.3,93,68.5,7782,9718,35123,2.6,17191,15636
Park County,WY,0.8,0.8,5.5,91,73.2,12160,14693,35147,2.5,29624,28205
Payette County,ID,1,0.5,17.5,78.1,72.7,8876,9620,25768,7.2,25386,22623
Pend Oreille County,WA,1.2,0.7,4.1,88.2,77.9,5727,8372,28046,3.7,13401,13001
Pershing County,NV,1.4,4.6,24.8,64.2,66.8,1948,2508,19891,9.3,6650,6753
Petersburg Borough,AK,3.7,1.8,5.8,70.9,68.8,1187,1712,36112,8.8,3398,3815
Petroleum County,MT,-1,-1,2.3,94.3,74.5,204,332,31177,4.4,496,494
Phillips County,CO,0.5,1.1,20,77.3,71.9,1689,2161,26494,14.1,4530,4442
Phillips County,MT,0.3,0.3,3.8,82.7,77.1,1710,2358,25605,1.3,4217,4253
Pierce County,WA,7.1,7.7,11.4,65.7,62.1,323296,356273,34618,9.8,921130,795225
Pima County,AZ,3.3,4.2,37.8,51.2,63.2,404739,466299,29707,13,1043433,980263
Pinal County,AZ,1.9,5.4,30.7,56.1,76.7,141300,181388,24959,9,425264,375770
Pitkin County,CO,2,1.1,10.5,84.9,65,7467,14232,54875,14.4,17358,17148
Piute County,UT,0.4,0.3,8,89.5,83.6,532,1023,19012,0.8,1438,1556
Placer County,CA,8.2,1.9,14.4,71.5,71.9,142855,168919,43759,11.4,404739,348432
Platte County,WY,0.8,0.6,8.4,87.8,74.8,4030,4899,35312,3,8605,8667
Plumas County,CA,1.1,1.1,9.3,83.1,72.9,8450,15916,35198,4.2,19790,20007
Polk County,OR,2.1,1.1,14.5,77.3,66.3,30305,32957,29440,7.8,87433,75403
Pondera County,MT,0.7,0.4,2.2,80.5,74.6,2103,2679,25633,1.3,5898,6153
Powder River County,MT,0.1,0.1,2.3,92.7,74.6,737,1034,32094,1.2,1694,1743
Powell County,MT,0.4,1.2,2.9,88.6,67.1,2426,3287,26456,0.6,6946,7027
Power County,ID,0.5,1.1,34.6,60.7,74.4,2633,3043,23343,15.2,7878,7817
Prairie County,MT,0.8,0.4,4.7,89,84,518,680,27377,4.3,1088,1179
Prince of Wales-Hyder Census Area,AK,1.2,0.6,3.9,44.9,72.8,2371,3446,27080,3.1,5753,5559
Prowers County,CO,0.6,1,39,57.5,65.4,4888,5992,23698,10.3,11999,12551
Pueblo County,CO,1.1,2.6,43.2,51.7,64.7,64314,71906,25051,3,168162,159063
Quay County,NM,1.2,2.3,46,48.9,61.5,3040,5724,19784,3.3,8746,9041
Ravalli County,MT,0.7,0.4,3.7,92.6,76.3,17354,19847,29761,2,44174,40212
Rich County,UT,0.3,0.4,6.8,91.2,71.7,635,3181,23464,5.3,2510,2264
Richland County,MT,0.5,0.5,5.5,88.9,66,4535,5286,33109,2.1,11491,9746
Rio Arriba County,NM,0.8,0.9,71.1,12.8,76.9,12730,20302,22911,4.2,40363,40246
Rio Blanco County,CO,0.7,1.2,10.7,84.2,70.8,2301,3421,26487,3,6529,6666
Rio Grande County,CO,0.7,1.1,44.4,51.9,63.2,4823,6851,24582,4.1,11539,11982
Riverside County,CA,7.2,7.3,50,34.1,66.3,724893,857148,28596,21.6,2418185,2189641
Roosevelt County,MT,0.6,0.4,4.1,33.3,62.9,3150,4140,18657,1.4,10794,10425
Roosevelt County,NM,1.5,2.9,43.2,50.5,58.5,6814,8577,20123,11.1,19191,19846
Rosebud County,MT,1,0.4,5.4,54.2,69.2,3166,4148,24922,1.8,8329,9233
Routt County,CO,0.9,1.1,6.9,89.6,71.2,9603,17114,43769,5,24829,23509
Sacramento County,CA,17,10.9,23.6,43.8,56.4,543025,578937,32751,20.9,1585055,1418788
Saguache County,CO,0.9,1.2,36.4,58.1,71.5,2860,4329,22511,10,6368,6108
Salt Lake County,UT,4.6,2.2,18.8,70.3,67.1,374820,411472,33238,12.8,1185238,1029655
San Benito County,CA,3.9,1.6,60.8,32.8,63.7,18135,19979,33174,19.9,64209,55269
San Bernardino County,CA,8,9.4,54.4,27.3,59.8,636041,731400,25215,21,2181654,2035210
San Diego County,CA,12.6,5.5,34.1,45,53.3,1125286,1233777,38073,23.4,3298634,3095313
San Francisco County,CA,36,5.6,15.2,40.2,37.6,362354,406413,68883,34.3,873965,805235
San Joaquin County,CA,17.4,8.3,42,30.5,56.6,228567,248636,27521,23.3,779233,685306
San Juan County,CO,0.8,0.3,12.5,83.2,62.6,289,793,34502,2.9,705,699
San Juan County,NM,0.6,0.8,20.6,37.5,71,43387,51480,23235,2.8,121661,130044
San Juan County,UT,0.6,0.4,5.8,44.3,80.6,4311,6064,18987,0.9,14518,14746
San Juan County,WA,1.5,0.8,6.8,88,74.6,8252,14381,45777,7.6,17788,15769
San Luis Obispo County,CA,4,2,22.9,68.5,61.6,105981,123963,37233,10.1,282424,269637
San Mateo County,CA,30.6,2.8,24,38.7,60.2,263543,280450,61545,34.8,764442,718451
San Miguel County,CO,0.8,0.9,11.4,85.2,61,3552,6989,47526,10.6,8072,7359
San Miguel County,NM,1.5,2.1,77.6,17.9,70.3,11609,16073,20762,3.6,27201,29393
Sanders County,MT,0.5,0.3,3.3,89.8,77.6,5036,6764,25309,1.9,12400,11413
Sandoval County,NM,1.7,2.7,39.9,42.5,78.6,51001,58146,29255,5.3,148834,131561
Sanpete County,UT,0.8,1.2,9.5,86,77.7,8643,10863,20056,4.9,28437,27822
Santa Barbara County,CA,6,2.4,46,43.8,52.1,145856,159246,36039,23,448229,423895
Santa Clara County,CA,39,2.8,25,30.6,56.4,640215,686266,56248,39.2,1936259,1781642
Santa Cruz County,AZ,0.8,1,83.3,15,67.7,15853,18524,21480,33.1,47669,47420
Santa Cruz County,CA,5.3,1.5,34,56.8,60.1,95818,107149,41312,17.8,270861,262382
Santa Fe County,NM,1.6,1.2,50.9,43.2,70.9,61921,73551,38520,12,154823,144170
Sedgwick County,CO,1.4,0.9,16.3,79.9,71.4,967,1432,27527,2.9,2404,2379
Sevier County,UT,0.4,0.6,5.5,91.3,78.1,7364,8970,23514,2,21522,20802
Shasta County,CA,3.1,1.2,10.5,79.2,64,71181,78618,29720,5.5,182155,177223
Sheridan County,MT,0.5,0.6,4.2,90.3,78.8,1639,2158,36091,2.1,3539,3384
Sheridan County,WY,0.9,0.9,4.4,91.4,68.8,13251,15214,35254,2,30921,29116
Sherman County,OR,0.8,0.4,6.9,87.7,64.6,748,943,31615,1.3,1870,1765
Shoshone County,ID,0.7,0.7,3.6,91.1,70,5466,7164,23987,1.2,13169,12765
Sierra County,CA,0.9,0.7,12.7,82.1,75.4,1319,2368,33747,2.3,3236,3240
Sierra County,NM,1,0.8,31,64,73.9,5555,8602,25344,4.5,11576,11988
Silver Bow County,MT,0.7,0.7,4.7,90.2,68.9,14960,17466,27706,2.8,35133,34200
Siskiyou County,CA,1.6,1.5,13.2,75.2,65,19240,24226,28615,5.4,44076,44900
Sitka City and Borough,AK,7.6,1,7.4,61.7,59.3,3547,4252,39615,8.4,8458,8881
Skagit County,WA,2.3,1.1,18.6,74.1,68.6,48493,54914,33168,10.3,129523,116901
Skagway Municipality,AK,2.4,0.8,6.7,80.8,53.3,375,719,39453,8.9,1240,968
Skamania County,WA,1.1,0.7,6.8,87,74.5,4816,5992,32221,3.7,12036,11066
Snohomish County,WA,12,3.8,10.6,68.1,67.1,293823,318057,39527,16.1,827957,713335
Socorro County,NM,2.3,1.4,49.8,33.5,73.4,4520,8289,18948,6.9,16595,17866
Solano County,CA,16.2,14.8,27.3,37.2,61.5,149865,159806,35400,20.1,453491,413344
Sonoma County,CA,4.6,2.1,27.3,62.9,61.5,189374,208305,42178,16.4,488863,483878
Southeast Fairbanks Census Area,AK,2.5,2.1,7,72.4,73.5,2170,3904,32193,11,6808,7029
Spokane County,WA,2.4,2,6.1,84,62.4,202811,223079,31146,5.4,539339,471221
Stanislaus County,CA,6.1,3.5,47.6,40.4,57.8,173898,182978,26258,20.3,552878,514453
Stevens County,WA,0.8,0.6,3.8,86.3,78.1,17554,22079,26896,3.1,46445,43531
Stillwater County,MT,0.6,0.3,4.3,92.4,80.7,3761,4873,32301,1,8963,9117
Storey County,NV,2.4,1.7,8,83.6,90.4,1627,2073,37941,3.7,4104,4010
Sublette County,WY,0.8,0.9,7.1,89.1,82.1,3340,6108,35874,4.4,8728,10247
Summit County,CO,1.5,1.4,14.6,81.5,65.5,10641,32085,41281,11.4,31055,27994
Summit County,UT,1.9,1.2,11.5,84,77.4,14220,28656,56575,9.6,42357,36324
Sutter County,CA,17,2.7,31.9,44.9,57.7,32636,34583,27371,22.2,99633,94737
Sweet Grass County,MT,0.6,0.4,2.9,92.7,72.3,1566,2164,30050,0.9,3678,3651
Sweetwater County,WY,1.1,1.4,16,79.3,76.2,15523,19909,32603,4.7,42272,43806
Taos County,NM,1,0.9,56.5,35.8,76.4,12103,21158,25646,6.1,34489,32937
Tehama County,CA,1.4,1.1,25.8,67.3,65.4,24189,27840,24301,8.4,65829,63463
Teller County,CO,1.1,1,7.1,88,82.5,10248,13511,35703,3.3,24710,23350
Teton County,ID,0.6,0.5,16.7,81.3,77.7,3707,6172,31191,7.8,11630,10170
Teton County,MT,0.9,0.3,1.7,93.2,69.9,2464,2922,28022,1.3,6226,6073
Teton County,WY,1.7,0.7,15.1,81,60.4,9019,14186,54051,11.8,23331,21294
Thurston County,WA,6.3,3.6,9.4,74.1,65.4,109983,119558,35169,8.1,294793,252264
Tillamook County,OR,1,0.7,10.5,84,69.3,10784,19291,27659,5.4,27390,25250
Tooele County,UT,0.8,0.9,12.9,82.5,80.9,20478,23163,25949,4.4,72698,58218
Toole County,MT,0.8,1,4.4,86.1,59.4,1867,2380,27528,3.4,4971,5324
Torrance County,NM,0.6,2.2,43.8,50.3,83.2,5644,8093,20876,4.3,15045,16383
Treasure County,MT,1,-1,4.2,90.2,68.1,351,434,29763,3.1,762,718
Trinity County,CA,1.5,0.8,7.4,81.9,68.9,5939,9013,26523,4.7,16112,13786
Tulare County,CA,4,2.2,65.6,27.7,57.1,138238,151603,21380,21.8,473117,442179
Tuolumne County,CA,1.5,2,12.7,79.7,71.3,22502,31700,34702,4.8,55620,55365
Twin Falls County,ID,1.8,0.9,17.1,78.2,68.9,31146,34199,25352,9,90046,77230
Uinta County,WY,0.5,0.8,9.3,87.3,77.1,7597,9108,28159,2.9,20450,21118
Uintah County,UT,0.6,0.7,8.4,81.5,75.9,10569,13832,25759,2.4,35620,32588
Umatilla County,OR,1.1,1.2,27.6,65.1,65.7,26908,30919,24444,10.4,80075,75889
Union County,NM,0.7,2.3,43.1,51.7,64.9,1395,2358,22116,5.6,4079,4549
Union County,OR,1.3,0.8,5.2,88.2,64.5,10708,11922,27646,2.9,26196,25748
Utah County,UT,1.9,0.8,12.2,81.7,67.6,165991,186554,26215,7.4,659399,516564
Valencia County,NM,0.8,1.8,61.1,31.9,81.5,27010,31576,23675,6.8,76205,76569
Valley County,ID,0.6,0.5,4.7,92,80.8,3869,12710,33709,0.7,11746,9862
Valley County,MT,0.9,0.5,2.8,84.5,74.9,3386,4897,27946,1.6,7578,7369
Ventura County,CA,7.9,2.4,43.2,44.7,63.2,271040,291512,38595,21.8,843843,823318
Wahkiakum County,WA,1.8,0.7,5.7,86.5,86.7,1897,2180,31110,4.7,4422,3978
Walla Walla County,WA,1.7,2.2,21.7,71.3,64.8,22646,25103,29035,10.1,62584,58781
Wallowa County,OR,0.5,0.5,3.6,92.6,69.7,3214,4282,30485,2.2,7391,7008
Wasatch County,UT,1,0.8,13.7,83.2,73,9879,14322,35641,7.6,34788,23530
Wasco County,OR,1.1,0.8,19.2,73.6,62.2,10305,11773,27445,8,26670,25213
Washakie County,WY,0.8,0.6,14.2,82.2,76.5,3365,3868,28101,1.6,7685,8533
Washington County,CO,0.4,1.2,10.9,85.7,66.9,2087,2476,27860,2.8,4817,4814
Washington County,ID,1,0.6,16.8,79.1,72.5,4035,4689,22650,6.3,10500,10198
Washington County,OR,11.7,2.5,17.1,64.6,61.6,219053,234162,39679,17.7,600372,529710
Washington County,UT,1,0.9,10.9,83.8,70.4,57144,74129,29010,5.4,180279,138115
Washoe County,NV,5.8,2.8,25,62.3,58.3,182180,205417,36071,14.1,486492,421407
Wayne County,UT,1,0.5,7,89.9,73.9,1000,1703,22038,3.2,2486,2778
Weber County,UT,1.6,1.7,18.7,75.6,73.4,83632,94283,27828,6.9,262223,231236
Weld County,CO,1.8,1.6,30,64.9,72.9,104671,115897,31793,8.7,328981,252825
Weston County,WY,1.7,0.7,4.1,90,83,2891,3568,28531,1.7,6838,7208
Whatcom County,WA,4.8,1.3,9.8,78.3,61.9,86523,99210,32267,10.1,226847,201140
Wheatland County,MT,0.5,0.5,4.7,90.4,74.7,792,1209,21619,3,2069,2168
Wheeler County,OR,1.1,0.2,5.9,87,76.1,640,919,21702,2.9,1451,1441
White Pine County,NV,1.1,5.1,16.7,71,75.6,3516,4536,25675,3.8,9080,10030
Whitman County,WA,8.4,2.4,6.5,78.4,43.6,17999,21262,23560,11.3,47973,44776
Wibaux County,MT,0.6,0.4,3.7,93,79.7,498,580,25591,2.8,937,1017
Wrangell City and Borough,AK,3.2,0.6,3,66.6,67.9,1027,1464,32286,2.8,2127,2369
Yakima County,WA,1.6,1.6,50.2,42.3,62.7,83048,89762,23459,18.7,256728,243231
Yakutat City and Borough,AK,6,2.1,4.7,31.4,66.2,219,471,32198,4.9,662,662
Yamhill County,OR,2,1.2,16.2,76.8,70,36808,39899,31314,8.1,107722,99193
Yavapai County,AZ,1.3,0.9,14.7,80.2,72,98386,120646,30341,6.2,236209,211033
Yellowstone County,MT,0.8,0.8,5.8,85.9,68.4,66385,73862,34451,2.1,164731,147972
Yolo County,CA,15.1,3,31.9,46,51.6,74296,79263,34515,23.2,216403,200849
Yuba County,CA,7.3,4.5,29.1,54,60.5,26354,29049,25583,12.8,81575,72155
Yukon-Koyukuk Census Area,AK,0.6,1,3.1,22.2,72.4,1856,4085,22718,1.3,5343,5588
Yuma County,AZ,1.5,2.6,64.6,30.1,67.1,73098,94641,21758,26.3,203881,195751
Yuma County,CO,0.5,0.6,25.1,72.9,66.9,4028,4565,27955,12.1,9988,10043