Variable,Description
month,month (coded as a number)
day,day of the month on which bill was calculated
year,year of bill
temp,average temperature (degrees Fahrenheit) for billing period
kwh,electricity usage (kWh = kilowatt-hours)
ccf,gas usage (ccf = hundreds of cubic feet)
thermsPerDay,average gas usage per day in the billing period (therms per day)
billingDays,number of billing days in billing period
totalbill,total monthly bill (in dollars)
gasbill,monthly gas bill (in dollars)
elecbill,monthly electric bill (in dollars)
notes,notes about the billing period
donate,"(yes or no) did the person add money to their bill to be donated to Operation Fuel, a charity providing heat to families/small business in need"
